time,tx,rx
0.372839,0.0,0.0
0.511959,0.0,0.0
0.761959,0.0,0.0
0.886958,0.0,0.0
1.011958,0.0,0.0
1.136959,0.0,0.0
1.261959,0.0,0.0
1.386959,0.0,0.0
1.502152,0.057576,0.0
1.544161,0.086075,0.0
1.636959,0.086075,0.0
1.801312,0.086075,0.0
1.899984,0.086075,0.002207
1.909963,0.086075,0.002207
2.011959,0.086075,0.002207
2.136959,0.086075,0.002207
2.261959,0.086075,0.002207
2.386958,0.086075,0.002207
2.511959,0.086075,0.002207
2.636958,0.086075,0.002207
2.761959,0.086075,0.002207
2.886958,0.086075,0.002207
3.011959,0.086075,0.002207
3.136958,0.086075,0.002207
4.011959,0.086075,0.002207
4.136959,0.086075,0.002207
4.261959,0.086075,0.002207
4.386959,0.086075,0.002207
4.511959,0.086075,0.002207
4.636959,0.086075,0.002207
4.761959,0.086075,0.002207
4.886958,0.086075,0.002207
5.011958,0.086075,0.002207
5.136959,0.086075,0.002207
5.261959,0.086075,0.002207
5.386959,0.086075,0.002207
5.511959,0.086075,0.002207
5.636958,0.086075,0.002207
5.886959,0.086075,0.002207
6.011959,0.086075,0.002207
6.136959,0.086075,0.002207
6.261959,0.086075,0.002207
6.386959,0.086075,0.002207
6.636959,0.086075,0.002207
6.761958,0.086075,0.002207
6.886958,0.086075,0.002207
7.011958,0.086075,0.002207
7.386959,0.086075,0.002207
7.511958,0.086075,0.002207
7.636959,0.086075,0.002207
7.761959,0.086075,0.002207
7.886958,0.086075,0.002207
8.011959,0.086075,0.002207
8.136959,0.086075,0.002207
8.261958,0.086075,0.002207
8.386959,0.086075,0.002207
8.511959,0.086075,0.002207
8.636958,0.086075,0.002207
8.761958,0.086075,0.002207
8.886959,0.086075,0.002207
9.011959,0.086075,0.002207
9.136958,0.086075,0.002207
9.511958,0.086075,0.002207
9.635983,0.086075,0.002207
9.761959,0.086075,0.002207
9.886959,0.086075,0.002207
10.011959,0.086075,0.002207
10.136958,0.086075,0.002207
10.261958,0.086075,0.002207
10.402812,0.086075,0.00547
10.493386,0.086075,0.00547
10.598879,0.086075,0.00547
10.636959,0.086075,0.00547
10.761959,0.086075,0.00547
10.886959,0.086075,0.00547
11.011958,0.086075,0.00547
11.136959,0.086075,0.00547
11.261958,0.086075,0.00547
11.386958,0.086075,0.00547
11.511959,0.086075,0.00547
11.636958,0.086075,0.00547
11.761958,0.086075,0.00547
11.886959,0.086075,0.00547
12.105043,0.086075,0.00547
12.136958,0.086075,0.00547
12.261958,0.086075,0.00547
12.386959,0.086075,0.00547
12.511959,0.086075,0.00547
12.702982,0.135041,0.00547
12.767381,0.183949,0.00547
12.886959,0.183949,0.00547
13.011959,0.183949,0.00547
13.136959,0.183949,0.00547
13.261958,0.183949,0.00547
13.386959,0.183949,0.00547
13.511958,0.183949,0.00547
13.636958,0.183949,0.00547
13.761959,0.183949,0.00547
13.886959,0.183949,0.00547
14.011959,0.183949,0.00547
14.136959,0.183949,0.00547
14.261959,0.183949,0.00547
14.386959,0.183949,0.00547
14.511959,0.183949,0.00547
14.636958,0.183949,0.00547
14.761959,0.183949,0.00547
14.886959,0.183949,0.00547
15.011959,0.183949,0.00547
15.136958,0.183949,0.00547
15.261959,0.183949,0.00547
15.405094,0.2032,0.00547
15.500875,0.278588,0.00547
15.599552,0.280219,0.005791
15.636959,0.280219,0.005791
15.761959,0.280219,0.005791
15.886959,0.280219,0.005791
16.00052,0.288662,0.005791
16.099797,0.290581,0.006112
16.136958,0.290581,0.006112
16.261958,0.290581,0.006112
16.386959,0.290581,0.006112
16.511959,0.290581,0.006112
16.636959,0.290581,0.006112
16.761959,0.290581,0.006112
16.886959,0.290581,0.006112
17.011959,0.290581,0.006112
17.136958,0.290581,0.006112
17.261959,0.290581,0.006112
17.386959,0.290581,0.006112
17.49815,0.290581,0.006112
17.636959,0.290581,0.009375
17.761959,0.290581,0.009375
17.886958,0.290581,0.009375
18.011959,0.290581,0.009375
18.136959,0.290581,0.009375
18.261959,0.290581,0.009375
18.386959,0.290581,0.009375
18.511959,0.290581,0.009375
18.636958,0.290581,0.009375
18.761959,0.290581,0.009375
18.886959,0.290581,0.009375
19.011959,0.290581,0.009375
19.136958,0.290581,0.009375
19.261958,0.290581,0.009375
19.386959,0.290581,0.009375
19.511959,0.290581,0.009375
19.636958,0.290581,0.009375
19.761959,0.290581,0.009375
19.886959,0.290581,0.009375
20.011958,0.290581,0.009375
20.136958,0.290581,0.009375
20.261959,0.290581,0.009375
20.386958,0.290581,0.009375
20.500246,0.298833,0.009696
20.600345,0.298833,0.009696
20.65482,0.298833,0.009696
20.761959,0.298833,0.009696
20.886958,0.298833,0.009696
21.011959,0.298833,0.009696
21.136959,0.298833,0.009696
21.261959,0.298833,0.009696
21.386959,0.298833,0.009696
21.500147,0.308426,0.010016
21.511959,0.308426,0.010016
21.636958,0.308426,0.010016
21.779105,0.308426,0.010016
21.886958,0.308426,0.010016
22.011959,0.308426,0.010016
22.136959,0.308426,0.010016
22.261959,0.308426,0.010016
22.386959,0.308426,0.010016
22.511959,0.308426,0.010016
22.636959,0.31879,0.010336
22.804025,0.344317,0.010336
22.900482,0.416544,0.010336
22.900683,0.416672,0.010336
23.011958,0.416672,0.010336
23.136958,0.416672,0.010336
23.261959,0.416672,0.010336
23.386959,0.416672,0.010336
23.511959,0.416672,0.010336
23.625075,0.425947,0.010336
23.761958,0.430104,0.010336
23.886959,0.430104,0.010336
24.112289,0.430104,0.010336
24.132484,0.443535,0.010336
24.261958,0.443535,0.010336
24.386959,0.443535,0.010336
24.607017,0.443535,0.010336
24.632485,0.456966,0.010336
24.761959,0.456966,0.010336
24.886959,0.456966,0.010336
25.011959,0.456966,0.010336
25.136958,0.456966,0.010336
25.261959,0.456966,0.010336
25.386959,0.456966,0.010336
25.511958,0.456966,0.010336
25.636959,0.456966,0.010336
25.761959,0.456966,0.010336
25.886959,0.456966,0.010336
26.005735,0.470399,0.010336
26.007485,0.470399,0.010336
26.136959,0.470399,0.010336
26.261959,0.470399,0.010336
26.382485,0.483831,0.010336
26.511959,0.483831,0.010336
26.636959,0.483831,0.010336
26.757484,0.497262,0.010336
26.886958,0.497262,0.010336
27.011959,0.497262,0.010336
27.136958,0.497262,0.010336
27.257484,0.510695,0.010336
27.386959,0.510695,0.010336
27.511959,0.510695,0.010336
27.616565,0.51367,0.010336
27.632484,0.524128,0.010336
27.761959,0.524128,0.010336
27.886959,0.524128,0.010336
28.011959,0.524128,0.010336
28.136959,0.524128,0.010336
28.261958,0.524128,0.010336
28.386959,0.524128,0.010336
28.502985,0.535578,0.010336
28.507484,0.537561,0.010336
28.636958,0.537561,0.010336
28.761959,0.537561,0.010336
28.886959,0.537561,0.010336
29.011959,0.537561,0.010336
29.20161,0.537561,0.010336
29.302104,0.537561,0.013598
29.386959,0.537561,0.013598
29.511959,0.537561,0.013598
29.636959,0.537561,0.013598
29.761959,0.537561,0.013598
29.886958,0.537561,0.013598
30.011959,0.537561,0.013598
30.136959,0.537561,0.013598
30.261959,0.537561,0.013598
30.386959,0.537561,0.013598
30.597629,0.537561,0.013598
30.632485,0.550992,0.013598
30.761959,0.550992,0.013598
30.886959,0.550992,0.013598
31.000906,0.560587,0.013598
31.007484,0.564425,0.013598
31.136959,0.564425,0.013598
31.261959,0.564425,0.013598
31.386959,0.564425,0.013598
31.511959,0.564425,0.013598
31.632485,0.577858,0.013598
31.761959,0.577858,0.013598
31.886959,0.577858,0.013598
32.011959,0.577858,0.013598
32.136959,0.577858,0.013598
32.261959,0.577858,0.013598
32.382485,0.59129,0.013598
32.511959,0.59129,0.013598
32.636959,0.59129,0.013598
32.761959,0.59129,0.013598
32.886958,0.59129,0.013598
33.011959,0.59129,0.013598
33.202953,0.627913,0.013598
33.284136,0.689168,0.013598
33.386959,0.689168,0.013598
33.624947,0.698314,0.013598
33.632485,0.702599,0.013598
33.761959,0.702599,0.013598
33.886958,0.702599,0.013598
34.011958,0.702599,0.013598
34.136959,0.702599,0.013598
34.261959,0.702599,0.013598
34.386959,0.702599,0.013598
34.511959,0.702599,0.013598
34.636958,0.702599,0.013598
34.757485,0.71603,0.013598
34.886959,0.71603,0.013598
35.011958,0.71603,0.013598
35.132484,0.729463,0.013598
35.261958,0.729463,0.013598
35.386959,0.729463,0.013598
35.503568,0.730774,0.013598
35.629478,0.821574,0.013598
35.761958,0.821574,0.013598
35.886958,0.821574,0.013598
36.011959,0.821574,0.013598
36.201478,0.869582,0.013598
36.300432,0.908763,0.014239
36.386959,0.922198,0.014239
36.511958,0.922198,0.014239
36.63398,0.935631,0.014239
36.761959,0.935631,0.014239
36.886958,0.935631,0.014239
37.011958,0.935631,0.014239
37.192696,0.956742,0.014559
37.279126,0.956742,0.014559
37.386959,0.956742,0.014559
37.511559,0.956742,0.014559
37.511959,0.956742,0.014559
37.632057,0.970174,0.014559
37.761959,0.970174,0.014559
37.886959,0.97977,0.014879
37.974596,0.98428,0.01552
38.022418,0.986199,0.01584
38.136959,0.986199,0.01584
38.279921,0.986199,0.01584
38.391755,0.986199,0.018047
38.602369,0.986199,0.018047
38.636959,0.986199,0.018047
38.761958,0.986199,0.018047
38.886959,0.986199,0.018047
39.011958,0.986199,0.018047
39.136959,0.986199,0.018047
39.261959,0.986199,0.018047
39.386959,0.986199,0.018047
39.511959,0.986199,0.018047
39.636959,0.995795,0.018368
39.761958,0.995795,0.018368
39.886959,0.995795,0.018368
40.011958,0.995795,0.018368
40.136959,0.995795,0.018368
40.261959,0.995795,0.018368
40.386959,0.995795,0.018368
40.500639,1.005327,0.018368
40.599765,1.006798,0.018688
40.636959,1.006798,0.018688
40.761958,1.006798,0.018688
40.886959,1.006798,0.018688
41.011958,1.006798,0.018688
41.136958,1.006798,0.018688
41.261959,1.006798,0.018688
41.386958,1.006798,0.018688
41.500567,1.014474,0.019008
41.511959,1.014474,0.019008
41.636958,1.014474,0.019008
41.761959,1.014474,0.019008
41.886959,1.014474,0.019008
42.011958,1.014474,0.019008
42.136959,1.014474,0.019008
42.261959,1.014474,0.019008
42.386958,1.014474,0.019008
42.511959,1.014474,0.019008
42.636958,1.014474,0.019008
42.761958,1.014474,0.019008
42.886958,1.014474,0.019008
43.011958,1.014474,0.019008
43.136958,1.014474,0.019008
43.261959,1.014474,0.019008
43.386959,1.014474,0.019008
43.501299,1.024069,0.019328
43.602919,1.024069,0.019328
43.636958,1.024069,0.019328
43.761959,1.024069,0.019328
43.886958,1.024069,0.019328
44.011958,1.024069,0.019328
44.136959,1.024069,0.019328
44.261959,1.024069,0.019328
44.386958,1.024069,0.019328
44.511958,1.024069,0.019328
44.636958,1.024069,0.019328
44.761959,1.024069,0.019328
44.886959,1.024069,0.019328
45.011959,1.024069,0.019328
45.136959,1.024069,0.019328
45.261958,1.024069,0.019328
45.386959,1.024069,0.019328
45.502063,1.033663,0.019648
45.601941,1.033663,0.019648
45.636959,1.033663,0.019648
45.761959,1.033663,0.019648
45.886959,1.033663,0.019648
46.011958,1.033663,0.019648
46.136959,1.033663,0.019648
46.261959,1.033663,0.019648
46.386958,1.033663,0.019648
46.636959,1.033663,0.019648
46.761958,1.033663,0.019648
46.886958,1.033663,0.019648
47.011959,1.033663,0.019648
47.136959,1.033663,0.019648
47.261958,1.033663,0.019648
47.386958,1.033663,0.019648
47.50014,1.04134,0.019969
47.511958,1.04134,0.019969
47.636958,1.04134,0.019969
47.761958,1.04134,0.019969
47.886958,1.04134,0.019969
48.011959,1.04134,0.019969
48.136959,1.04134,0.019969
48.261959,1.04134,0.019969
48.386959,1.04134,0.019969
48.511959,1.04134,0.019969
48.636959,1.04134,0.019969
48.761959,1.04134,0.019969
48.886959,1.04134,0.019969
49.011959,1.04134,0.019969
49.136958,1.04134,0.019969
49.261959,1.04134,0.019969
49.386959,1.04134,0.019969
49.500873,1.050937,0.020289
49.600682,1.050937,0.020289
49.636958,1.050937,0.020289
49.761959,1.050937,0.020289
49.886958,1.050937,0.020289
50.011959,1.050937,0.020289
50.136958,1.050937,0.020289
50.261958,1.050937,0.020289
50.386959,1.050937,0.020289
50.48252,1.050937,0.020289
50.511958,1.050937,0.020289
50.63647,1.061938,0.020609
50.780654,1.061938,0.020609
50.886958,1.061938,0.020609
51.011958,1.061938,0.020609
51.136959,1.061938,0.020609
51.261958,1.061938,0.020609
51.386958,1.061938,0.020609
51.501519,1.071532,0.020929
51.51147,1.071532,0.020929
51.636959,1.071532,0.020929
51.761959,1.071532,0.020929
51.886958,1.071532,0.020929
52.0995,1.071532,0.020929
52.136959,1.071532,0.020929
52.261959,1.071532,0.020929
52.386958,1.071532,0.020929
52.511959,1.071532,0.020929
52.636959,1.071532,0.020929
52.761958,1.071532,0.020929
52.886958,1.071532,0.020929
53.011959,1.071532,0.020929
53.136959,1.071532,0.020929
53.261958,1.071532,0.020929
53.386958,1.071532,0.020929
53.500232,1.079208,0.021249
53.511959,1.079208,0.021249
53.636959,1.079208,0.021249
53.761959,1.079208,0.021249
53.886959,1.079208,0.021249
54.011959,1.079208,0.021249
54.136959,1.079208,0.021249
54.261959,1.079208,0.021249
54.386959,1.079208,0.021249
54.511959,1.079208,0.021249
54.636958,1.079208,0.021249
54.761958,1.079208,0.021249
54.886959,1.079208,0.021249
55.011959,1.079208,0.021249
55.136958,1.079208,0.021249
55.261959,1.079208,0.021249
55.386958,1.079208,0.021249
55.613396,1.080391,0.021249
55.636958,1.088804,0.021569
55.761958,1.088804,0.021569
55.886958,1.088804,0.021569
56.011958,1.088804,0.021569
56.136958,1.088804,0.021569
56.261959,1.088804,0.021569
56.386959,1.088804,0.021569
56.511959,1.088804,0.021569
56.636959,1.088804,0.021569
56.761958,1.088804,0.021569
56.886959,1.088804,0.021569
57.011959,1.088804,0.021569
57.136958,1.088804,0.021569
57.261959,1.088804,0.021569
57.402339,1.092451,0.021569
57.5013,1.16711,0.021569
57.527483,1.186685,0.021569
57.636959,1.186685,0.021569
57.757606,1.200118,0.021569
57.886959,1.200118,0.021569
58.011959,1.200118,0.021569
58.136958,1.200118,0.021569
58.261959,1.200118,0.021569
58.382606,1.21355,0.021569
58.511958,1.21355,0.021569
58.636959,1.21355,0.021569
58.761959,1.21355,0.021569
58.882606,1.226985,0.021569
59.011958,1.226985,0.021569
59.136958,1.226985,0.021569
59.261958,1.226985,0.021569
59.386958,1.226985,0.021569
59.476929,1.226985,0.021569
59.511958,1.226985,0.021569
59.636959,1.226985,0.021569
59.761959,1.226985,0.021569
59.886959,1.226985,0.021569
60.000534,1.23658,0.021569
60.007606,1.240418,0.021569
60.136958,1.240418,0.021569
60.261958,1.240418,0.021569
60.386959,1.240418,0.021569
60.600559,1.240418,0.021569
60.636959,1.240418,0.021569
60.761959,1.240418,0.021569
60.886958,1.240418,0.021569
61.011958,1.240418,0.021569
61.132606,1.253851,0.021569
61.261959,1.253851,0.021569
61.386959,1.253851,0.021569
61.499766,1.253851,0.021569
61.559761,1.253851,0.024831
61.632607,1.267283,0.024831
61.761959,1.267283,0.024831
61.886958,1.267283,0.024831
62.011958,1.267283,0.024831
62.136958,1.267283,0.024831
62.257606,1.280718,0.024831
62.386958,1.280718,0.024831
62.511958,1.280718,0.024831
62.636958,1.280718,0.024831
62.757606,1.29415,0.024831
62.886959,1.29415,0.024831
63.011958,1.29415,0.024831
63.136958,1.29415,0.024831
63.261958,1.29415,0.024831
63.386959,1.29415,0.024831
63.478944,1.29415,0.024831
63.511958,1.29415,0.024831
63.636959,1.29415,0.024831
63.757606,1.307582,0.024831
63.886959,1.307582,0.024831
64.011959,1.307582,0.024831
64.136959,1.307582,0.024831
64.261958,1.307582,0.024831
64.386959,1.307582,0.024831
64.511959,1.307582,0.024831
64.636959,1.307582,0.024831
64.761959,1.307582,0.024831
64.886958,1.307582,0.024831
65.004162,1.319351,0.024831
65.007607,1.321014,0.024831
65.136959,1.321014,0.024831
65.261959,1.321014,0.024831
65.386959,1.321014,0.024831
65.47702,1.321014,0.024831
65.511959,1.321014,0.024831
65.67763,1.333938,0.025472
65.761959,1.34737,0.025472
65.886959,1.34737,0.025472
65.978401,1.34737,0.025472
66.029487,1.34737,0.025472
66.17763,1.358885,0.026112
66.261959,1.358885,0.026112
66.386959,1.358885,0.026112
66.500069,1.367488,0.026112
66.50304,1.369248,0.026432
66.636958,1.369248,0.026432
66.761959,1.369248,0.026432
66.886959,1.369248,0.026432
67.011959,1.369248,0.026432
67.136959,1.369248,0.026432
67.261959,1.369248,0.026432
67.386958,1.369248,0.026432
67.500446,1.376923,0.026752
67.601597,1.376923,0.026752
67.668642,1.376923,0.026752
67.761958,1.376923,0.026752
67.886958,1.376923,0.026752
67.97928,1.376923,0.026752
68.077281,1.376923,0.026752
68.141755,1.376923,0.029344
68.261958,1.376923,0.029344
68.386959,1.376923,0.029344
68.598453,1.376923,0.029344
68.636959,1.376923,0.029344
68.761959,1.376923,0.029344
68.886959,1.376923,0.029344
69.011959,1.376923,0.029344
69.136958,1.376923,0.029344
69.261958,1.376923,0.029344
69.386959,1.376923,0.029344
69.500544,1.386518,0.029665
69.511959,1.386518,0.029665
69.636958,1.386518,0.029665
69.761959,1.386518,0.029665
69.886959,1.386518,0.029665
70.011959,1.386518,0.029665
70.136958,1.386518,0.029665
70.261958,1.386518,0.029665
70.386958,1.386518,0.029665
70.476631,1.386518,0.029665
70.511959,1.386518,0.029665
70.627611,1.397522,0.029985
70.761959,1.397522,0.029985
70.886959,1.397522,0.029985
71.011959,1.397522,0.029985
71.136959,1.397522,0.029985
71.261959,1.397522,0.029985
71.386959,1.397522,0.029985
71.500796,1.406604,0.029985
71.508399,1.410954,0.029985
71.636959,1.410954,0.029985
71.761959,1.410954,0.029985
71.8834,1.424386,0.029985
72.011959,1.424386,0.029985
72.136959,1.424386,0.029985
72.261959,1.424386,0.029985
72.386959,1.424386,0.029985
72.506651,1.437819,0.029985
72.5084,1.437819,0.029985
72.636958,1.437819,0.029985
72.761959,1.437819,0.029985
72.886959,1.437819,0.029985
73.000349,1.446454,0.029985
73.0084,1.451251,0.029985
73.136959,1.451251,0.029985
73.261959,1.451251,0.029985
73.386959,1.451251,0.029985
73.500734,1.460272,0.029985
73.5084,1.464686,0.029985
73.636959,1.464686,0.029985
73.7584,1.478121,0.029985
73.886959,1.478121,0.029985
74.011959,1.478121,0.029985
74.1334,1.491555,0.029985
74.261959,1.491555,0.029985
74.386959,1.491555,0.029985
74.502557,1.50166,0.029985
74.508399,1.504987,0.029985
74.636959,1.504987,0.029985
74.761959,1.504987,0.029985
74.8834,1.518421,0.029985
75.011959,1.518421,0.029985
75.136958,1.518421,0.029985
75.2584,1.531854,0.029985
75.386959,1.531854,0.029985
75.50035,1.540488,0.029985
75.5084,1.545286,0.029985
75.636959,1.545286,0.029985
75.761958,1.545286,0.029985
75.886959,1.545286,0.029985
76.003707,1.556542,0.029985
76.0084,1.558718,0.029985
76.136959,1.558718,0.029985
76.2584,1.572151,0.029985
76.386959,1.572151,0.029985
76.511959,1.572151,0.029985
76.636958,1.572151,0.029985
76.758399,1.585583,0.029985
76.886959,1.585583,0.029985
77.011959,1.585583,0.029985
77.136959,1.585583,0.029985
77.261958,1.585583,0.029985
77.386959,1.585583,0.029985
77.477509,1.585583,0.029985
77.511959,1.585583,0.029985
77.6334,1.599016,0.029985
77.761959,1.599016,0.029985
77.883399,1.612448,0.029985
78.106207,1.648491,0.029985
78.136959,1.662341,0.030305
78.261959,1.662341,0.030305
78.386959,1.662341,0.030305
78.511959,1.662341,0.030305
78.636958,1.662341,0.030305
78.761959,1.662341,0.030305
78.886959,1.662341,0.030305
79.011958,1.662341,0.030305
79.136959,1.662341,0.030305
79.261959,1.662341,0.030305
79.386959,1.662341,0.030305
79.501198,1.671935,0.030305
79.60478,1.671935,0.030626
79.636959,1.671935,0.030626
79.761959,1.671935,0.030626
79.886959,1.671935,0.030626
80.011959,1.671935,0.030626
80.136959,1.671935,0.030626
80.261959,1.671935,0.030626
80.386959,1.671935,0.030626
80.484381,1.671935,0.030626
80.511959,1.671935,0.030626
80.636959,1.671935,0.030626
80.753589,1.682942,0.030947
80.886959,1.682942,0.030947
80.980874,1.682942,0.030947
81.046668,1.682942,0.030947
81.136958,1.682942,0.030947
81.261959,1.682942,0.030947
81.386959,1.682942,0.030947
81.499887,1.690618,0.030947
81.511958,1.690618,0.031267
81.636959,1.690618,0.031267
81.761959,1.690618,0.031267
81.886959,1.690618,0.031267
81.977875,1.690618,0.031267
82.043713,1.690618,0.031267
82.136959,1.690618,0.031267
82.261959,1.690618,0.031267
82.386959,1.690618,0.031267
82.477157,1.690618,0.031267
82.511959,1.690618,0.031267
82.636959,1.690618,0.031267
82.761959,1.690618,0.031267
82.886959,1.690618,0.031267
83.011959,1.690618,0.031267
83.136959,1.690618,0.031267
83.261959,1.690618,0.031267
83.386959,1.690618,0.031267
83.599946,1.690618,0.031267
83.632454,1.704054,0.031267
83.761959,1.704054,0.031267
83.882453,1.717491,0.031267
84.011959,1.717491,0.031267
84.136958,1.717491,0.031267
84.261959,1.717491,0.031267
84.382454,1.730927,0.031267
84.511959,1.730927,0.031267
84.636959,1.730927,0.031267
84.761959,1.730927,0.031267
84.886959,1.730927,0.031267
85.011958,1.730927,0.031267
85.136958,1.730927,0.031267
85.261959,1.730927,0.031267
85.386959,1.730927,0.031267
85.483672,1.730927,0.031267
85.511959,1.730927,0.031267
85.636959,1.730927,0.031267
85.761959,1.730927,0.031499
85.886959,1.730927,0.031499
86.011959,1.730927,0.031499
86.136959,1.730927,0.031499
86.261959,1.730927,0.031499
86.386958,1.730927,0.031499
86.511959,1.730927,0.031499
86.636959,1.730927,0.031499
86.761959,1.730927,0.031499
86.886959,1.730927,0.031499
87.001418,1.740845,0.031499
87.007453,1.744364,0.031499
87.136958,1.744364,0.031499
87.261958,1.744364,0.031499
87.386959,1.744364,0.031499
87.483674,1.744364,0.031499
87.511958,1.744364,0.031499
87.636958,1.744364,0.031499
87.761959,1.744364,0.031499
87.882454,1.757801,0.031499
88.101444,1.757801,0.031499
88.136958,1.757801,0.031499
88.257453,1.771236,0.031499
88.386959,1.771236,0.031499
88.511958,1.771236,0.031499
88.636959,1.771236,0.031499
88.761959,1.771236,0.031499
88.882454,1.784673,0.031499
89.101444,1.784673,0.031499
89.136959,1.784673,0.031499
89.261959,1.784673,0.031499
89.386959,1.784673,0.031499
89.598789,1.784673,0.031499
89.636959,1.784673,0.031499
89.757453,1.798108,0.031499
89.886958,1.798108,0.031499
90.011959,1.798108,0.031499
90.136959,1.798108,0.031499
90.261959,1.798108,0.031499
90.386959,1.798108,0.031499
90.483672,1.798108,0.031499
90.511959,1.798108,0.031499
90.632453,1.811545,0.031499
90.761959,1.811545,0.031499
90.886959,1.811545,0.031499
91.101444,1.811545,0.031499
91.136959,1.811545,0.031499
91.261959,1.811545,0.031499
91.386959,1.811545,0.031499
91.511959,1.811545,0.031499
91.636959,1.811545,0.031499
91.761958,1.811545,0.031499
91.882453,1.824982,0.031499
92.011959,1.824982,0.031499
92.136959,1.824982,0.031499
92.257454,1.838418,0.031499
92.386959,1.838418,0.031499
92.511959,1.838418,0.031499
92.636958,1.838418,0.031499
92.757454,1.851855,0.031499
92.886958,1.851855,0.031499
93.101352,1.851855,0.031499
93.15486,1.851855,0.031499
93.261958,1.851855,0.031499
93.386959,1.851855,0.031499
93.614551,1.853582,0.031499
93.632454,1.865291,0.031499
93.761959,1.865291,0.031499
93.886959,1.865291,0.031499
94.011959,1.865291,0.031499
94.136959,1.865291,0.031499
94.261959,1.865291,0.031499
94.386959,1.865291,0.031499
94.500395,1.87489,0.031499
94.507453,1.878728,0.031499
94.636958,1.878728,0.031499
94.761959,1.878728,0.031499
94.886958,1.878728,0.031499
95.011958,1.878728,0.031499
95.136959,1.878728,0.031499
95.257454,1.892165,0.031499
95.386958,1.892165,0.031499
95.511959,1.892165,0.031499
95.632454,1.905601,0.031499
95.761958,1.905601,0.031499
95.886958,1.905601,0.031499
95.977081,1.905601,0.031499
96.011959,1.905601,0.031499
96.200004,1.93048,0.031499
96.293509,1.997708,0.031499
96.386959,1.997708,0.031499
96.511959,1.997708,0.031499
96.636958,1.997708,0.031499
96.761958,1.997708,0.031499
96.886959,2.041846,0.03182
96.988655,2.058034,0.03214
97.011959,2.058034,0.03214
97.136959,2.058034,0.03214
97.281072,2.058034,0.03214
97.386959,2.058034,0.03214
97.500756,2.067532,0.03214
97.599322,2.071466,0.033101
97.663795,2.084899,0.033101
97.761959,2.084899,0.033101
97.886959,2.084899,0.033101
98.000139,2.092574,0.033422
98.011959,2.092574,0.033422
98.136958,2.092574,0.033422
98.261959,2.092574,0.033422
98.386959,2.092574,0.033422
98.466567,2.092574,0.033422
98.511959,2.092574,0.033422
98.636959,2.092574,0.033422
98.761959,2.092574,0.033422
98.886959,2.092574,0.033422
99.011959,2.092574,0.033422
99.136959,2.092574,0.033422
99.261958,2.092574,0.033422
99.386958,2.092574,0.033422
99.500239,2.102171,0.033743
99.511959,2.102171,0.033743
99.636959,2.102171,0.033743
99.761959,2.102171,0.033743
99.886959,2.102171,0.033743
99.919128,2.102171,0.033743
100.011959,2.102171,0.033743
100.136959,2.102171,0.033743
100.261959,2.102171,0.033743
100.386959,2.102171,0.033743
100.418715,2.102171,0.033743
100.511959,2.102171,0.033743
100.63647,2.113172,0.034063
100.761959,2.113172,0.034063
100.886958,2.113172,0.034063
100.965705,2.113172,0.034063
101.011959,2.113172,0.034063
101.136959,2.113172,0.034063
101.261959,2.113172,0.034063
101.386958,2.113172,0.034063
101.502154,2.122767,0.034383
101.600437,2.122767,0.034383
101.636959,2.122767,0.034383
101.761959,2.122767,0.034383
101.886959,2.122767,0.034383
102.011958,2.122767,0.034383
102.136959,2.122767,0.034383
102.261959,2.122767,0.034383
102.386959,2.122767,0.034383
102.636959,2.122767,0.034383
102.761959,2.122767,0.034383
102.886959,2.122767,0.034383
102.966139,2.122767,0.034383
103.011959,2.122767,0.034383
103.136959,2.122767,0.034383
103.261958,2.122767,0.034383
103.386959,2.122767,0.034383
103.500231,2.130444,0.034703
103.592786,2.130444,0.034703
103.636959,2.130444,0.034703
103.761959,2.130444,0.034703
103.886959,2.130444,0.034703
103.979628,2.130444,0.034703
104.092511,2.130444,0.034703
104.136958,2.130444,0.034703
104.261959,2.130444,0.034703
104.386959,2.130444,0.034703
104.47862,2.130444,0.034703
104.511959,2.130444,0.034703
104.636959,2.130444,0.034703
104.761959,2.130444,0.034703
104.886959,2.130444,0.034703
105.100407,2.130444,0.034703
105.136959,2.130444,0.034703
105.261959,2.130444,0.034703
105.386959,2.130444,0.034703
105.601139,2.130444,0.034703
105.636959,2.14004,0.035023
105.761959,2.14004,0.035023
105.886959,2.14004,0.035023
106.011959,2.14004,0.035023
106.136958,2.14004,0.035023
106.261958,2.14004,0.035023
106.386959,2.14004,0.035023
106.511959,2.14004,0.035023
106.636959,2.14004,0.035023
106.761959,2.14004,0.035023
106.886959,2.14004,0.035023
107.011959,2.14004,0.035023
107.136959,2.14004,0.035023
107.261958,2.14004,0.035023
107.386958,2.14004,0.035023
107.602831,2.14004,0.035023
107.632606,2.153473,0.035023
107.761959,2.153473,0.035023
107.886959,2.153473,0.035023
108.011958,2.153473,0.035023
108.132606,2.166905,0.035023
108.261958,2.166905,0.035023
108.386959,2.166905,0.035023
108.511958,2.166905,0.035023
108.636959,2.166905,0.035023
108.761959,2.166905,0.035023
108.882606,2.180337,0.035023
109.011959,2.180337,0.035023
109.136958,2.180337,0.035023
109.261959,2.180337,0.035023
109.386959,2.180337,0.035023
109.475891,2.180337,0.035023
109.511959,2.180337,0.035023
109.636959,2.180337,0.035023
109.761959,2.180337,0.035023
109.886959,2.180337,0.035023
110.010584,2.180337,0.035023
110.011959,2.180337,0.035023
110.132606,2.19377,0.035023
110.261959,2.19377,0.035023
110.386959,2.19377,0.035023
110.599552,2.19377,0.035023
110.632606,2.207202,0.035023
110.761959,2.207202,0.035023
110.886959,2.207202,0.035023
111.001891,2.217436,0.035023
111.007606,2.220635,0.035023
111.136959,2.220635,0.035023
111.261959,2.220635,0.035023
111.386958,2.220635,0.035023
111.478028,2.220635,0.035023
111.511959,2.220635,0.035023
111.632606,2.234068,0.035023
111.761959,2.234068,0.035023
111.886959,2.234068,0.035023
112.011959,2.234068,0.035023
112.136959,2.234068,0.035023
112.261959,2.234068,0.035023
112.386958,2.234068,0.035023
112.505857,2.247501,0.035023
112.507606,2.247501,0.035023
112.636959,2.247501,0.035023
112.761959,2.247501,0.035023
112.886959,2.247501,0.035023
113.011959,2.247501,0.035023
113.136958,2.247501,0.035023
113.257606,2.260934,0.035023
113.386959,2.260934,0.035023
113.502051,2.271328,0.035023
113.507606,2.274367,0.035023
113.636959,2.274367,0.035023
113.799856,2.274367,0.035023
113.88647,2.285372,0.035343
113.978042,2.298804,0.035343
114.043898,2.298804,0.035343
114.136959,2.298804,0.035343
114.300589,2.309486,0.035664
114.386959,2.310318,0.035985
114.599827,2.310318,0.035985
114.701724,2.310318,0.035985
114.761959,2.310318,0.035985
114.886959,2.310318,0.035985
115.011959,2.310318,0.035985
115.136958,2.310318,0.035985
115.280043,2.310318,0.035985
115.391755,2.310318,0.040398
115.502411,2.370232,0.040398
115.552599,2.4082,0.040398
115.636958,2.415876,0.040719
115.761958,2.415876,0.040719
115.886959,2.415876,0.040719
115.965864,2.415876,0.040719
116.011958,2.415876,0.040719
116.136959,2.415876,0.040719
116.29289,2.415876,0.040719
116.386959,2.415876,0.040719
116.511959,2.415876,0.040719
116.636959,2.415876,0.040719
116.761959,2.415876,0.040719
116.886959,2.415876,0.040719
117.001501,2.415876,0.040719
117.05177,2.415876,0.040719
117.136959,2.415876,0.040719
117.261959,2.415876,0.040719
117.386958,2.415876,0.040719
117.50045,2.425472,0.041039
117.599989,2.425472,0.041039
117.703736,2.425472,0.041039
117.761959,2.425472,0.041039
117.886958,2.425472,0.041039
117.983734,2.425472,0.041039
118.011958,2.425472,0.041039
118.136958,2.425472,0.041039
118.261959,2.425472,0.041039
118.386959,2.425472,0.041039
118.511959,2.425472,0.041039
118.636959,2.425472,0.041039
118.761958,2.425472,0.041039
118.886959,2.425472,0.041039
119.011959,2.425472,0.041039
119.136959,2.425472,0.041039
119.261958,2.425472,0.041039
119.386959,2.425472,0.041039
119.499671,2.425472,0.041039
119.511959,2.425472,0.041039
119.636958,2.433149,0.041359
119.761959,2.433149,0.041359
119.886959,2.433149,0.041359
119.97847,2.433149,0.041359
120.077346,2.433149,0.041359
120.141755,2.433149,0.043566
120.261959,2.433149,0.043566
120.386959,2.433149,0.043566
120.599857,2.433149,0.043566
120.629046,2.446905,0.043886
120.761959,2.446905,0.043886
120.886959,2.446905,0.043886
121.000081,2.446905,0.043886
121.011959,2.446905,0.043886
121.136958,2.446905,0.043886
121.295668,2.446905,0.043886
121.386959,2.446905,0.043886
121.500056,2.45455,0.043886
121.511959,2.454582,0.044206
121.636959,2.454582,0.044206
121.761959,2.454582,0.044206
121.886958,2.454582,0.044206
122.011959,2.454582,0.044206
122.136959,2.454582,0.044206
122.261959,2.454582,0.044206
122.386959,2.454582,0.044206
122.420662,2.454582,0.044206
122.511959,2.454582,0.044206
122.636959,2.454582,0.044206
122.761959,2.454582,0.044206
122.886959,2.454582,0.044206
122.969482,2.454582,0.044206
123.011958,2.454582,0.044206
123.136958,2.454582,0.044206
123.261958,2.454582,0.044206
123.386959,2.454582,0.044206
123.602801,2.454582,0.044206
123.632912,2.468015,0.044206
123.761958,2.468015,0.044206
123.88647,2.477608,0.044526
123.977064,2.477608,0.044526
124.090772,2.477608,0.044526
124.136959,2.477608,0.044526
124.261958,2.477608,0.044526
124.386958,2.477608,0.044526
124.498372,2.477608,0.044526
124.562392,2.477608,0.044526
124.636959,2.477608,0.044526
124.761959,2.477608,0.044526
124.886959,2.477608,0.044526
124.97801,2.477608,0.044526
125.029106,2.477608,0.044526
125.136959,2.477608,0.044526
125.261958,2.477608,0.044526
125.386959,2.477608,0.044526
125.483796,2.477608,0.044526
125.511958,2.477608,0.044526
125.636959,2.477608,0.044526
125.761959,2.485284,0.044847
125.886959,2.485284,0.044847
126.011959,2.485284,0.044847
126.136959,2.485284,0.044847
126.261959,2.485284,0.044847
126.386959,2.485284,0.044847
126.483795,2.485284,0.044847
126.511959,2.485284,0.044847
126.636958,2.485284,0.044847
126.761959,2.485284,0.044847
126.886959,2.485284,0.044847
127.011959,2.485284,0.044847
127.136959,2.485284,0.044847
127.261959,2.485284,0.044847
127.386959,2.485284,0.044847
127.483794,2.485284,0.044847
127.511959,2.485284,0.044847
127.636958,2.485284,0.044847
127.761958,2.485284,0.044847
127.886959,2.485284,0.044847
128.000841,2.494879,0.045167
128.011959,2.494879,0.045167
128.136959,2.494879,0.045167
128.261959,2.494879,0.045167
128.386959,2.494879,0.045167
128.500195,2.494879,0.045167
128.599495,2.494879,0.04843
128.636959,2.494879,0.04843
128.777778,2.494879,0.04843
128.886959,2.494879,0.04843
129.011958,2.494879,0.04843
129.136958,2.494879,0.04843
129.261958,2.494879,0.04843
129.386959,2.494879,0.04843
129.427156,2.494879,0.04843
129.511959,2.494879,0.04843
129.632454,2.508315,0.04843
129.761958,2.508315,0.04843
129.886959,2.508315,0.04843
130.00177,2.518585,0.04843
130.007454,2.521751,0.04843
130.136958,2.521751,0.04843
130.280969,2.521751,0.04843
130.392732,2.521751,0.050638
130.511959,2.521751,0.050638
130.632453,2.535186,0.050638
130.79982,2.535186,0.050638
130.886959,2.535186,0.050638
131.011959,2.535186,0.050638
131.136959,2.535186,0.050638
131.261958,2.535186,0.050638
131.386958,2.535186,0.050638
131.479683,2.535186,0.050638
131.545515,2.535186,0.050638
131.636959,2.535186,0.050638
131.757454,2.548623,0.050638
131.886959,2.548623,0.050638
132.011959,2.548623,0.050638
132.136959,2.548623,0.050638
132.261959,2.548623,0.050638
132.382453,2.562059,0.050638
132.511958,2.562059,0.050638
132.636959,2.562059,0.050638
132.802987,2.575813,0.050959
132.886959,2.589855,0.051279
133.011959,2.589855,0.051279
133.136958,2.589855,0.051279
133.26147,2.600218,0.051599
133.386958,2.600218,0.051599
133.500649,2.609399,0.051599
133.51147,2.609814,0.051919
133.636959,2.609814,0.051919
133.781765,2.609814,0.051919
133.891755,2.609814,0.05451
134.011959,2.609814,0.05451
134.136959,2.609814,0.05451
134.280831,2.609814,0.05451
134.386958,2.609814,0.05451
134.511958,2.609814,0.05451
134.636959,2.609814,0.05451
134.761958,2.609814,0.05451
134.886959,2.609814,0.05451
135.011959,2.609814,0.05451
135.136959,2.609814,0.05451
135.261959,2.609814,0.05451
135.386959,2.609814,0.05451
135.500353,2.617489,0.05483
135.60478,2.617489,0.05483
135.636959,2.617489,0.05483
135.761958,2.617489,0.05483
135.886958,2.617489,0.05483
136.011959,2.617489,0.05483
136.136959,2.617489,0.05483
136.261959,2.617489,0.05483
136.386959,2.617489,0.05483
136.511959,2.617489,0.05483
136.636958,2.617489,0.05483
136.761958,2.617489,0.05483
136.886958,2.617489,0.05483
137.011959,2.617489,0.05483
137.136958,2.617489,0.05483
137.261958,2.617489,0.05483
137.386959,2.617489,0.05483
137.500452,2.627085,0.055151
137.599643,2.627085,0.055151
137.636959,2.627085,0.055151
137.761958,2.627085,0.055151
137.886959,2.627085,0.055151
138.011959,2.627085,0.055151
138.136958,2.627085,0.055151
138.261958,2.627085,0.055151
138.386959,2.627085,0.055151
138.511958,2.627085,0.055151
138.636958,2.627085,0.055151
138.761959,2.627085,0.055151
138.886958,2.627085,0.055151
139.011959,2.627085,0.055151
139.136959,2.627085,0.055151
139.261958,2.627085,0.055151
139.386958,2.627085,0.055151
139.4776,2.627085,0.055151
139.511959,2.627085,0.055151
139.636959,2.634761,0.055471
139.761959,2.634761,0.055471
139.886959,2.634761,0.055471
140.011959,2.634761,0.055471
140.136959,2.634761,0.055471
140.261958,2.634761,0.055471
140.386958,2.634761,0.055471
140.477515,2.634761,0.055471
140.511958,2.634761,0.055471
140.629076,2.648516,0.055791
140.761959,2.648516,0.055791
140.886959,2.648516,0.055791
141.011958,2.648516,0.055791
141.136959,2.648516,0.055791
141.261959,2.648516,0.055791
141.386959,2.648516,0.055791
141.501299,2.656192,0.056111
141.511959,2.656192,0.056111
141.636958,2.656192,0.056111
141.761958,2.656192,0.056111
141.886959,2.656192,0.056111
141.977998,2.656192,0.056111
142.043898,2.656192,0.056111
142.136958,2.656192,0.056111
142.261958,2.656192,0.056111
142.386959,2.656192,0.056111
142.477278,2.656192,0.056111
142.511959,2.656192,0.056111
142.636959,2.656192,0.056111
142.761958,2.656192,0.056111
142.886958,2.656192,0.056111
143.011958,2.656192,0.056111
143.136959,2.656192,0.056111
143.261959,2.656192,0.056111
143.386959,2.656192,0.056111
143.602723,2.656192,0.056111
143.63647,2.665786,0.056432
143.761958,2.665786,0.056432
143.886959,2.665786,0.056432
144.011958,2.665786,0.056432
144.136959,2.665786,0.056432
144.261959,2.665786,0.056432
144.386959,2.665786,0.056432
144.511958,2.665786,0.056432
144.636958,2.665786,0.056432
144.761959,2.665786,0.056432
144.886958,2.665786,0.056432
145.011959,2.665786,0.056432
145.136959,2.665786,0.056432
145.261958,2.665786,0.056432
145.386959,2.665786,0.056432
145.50011,2.673463,0.056752
145.599853,2.673463,0.056752
145.668439,2.673463,0.056752
145.761958,2.673463,0.056752
145.886958,2.673463,0.056752
146.099613,2.673463,0.056752
146.136959,2.673463,0.056752
146.261959,2.673463,0.056752
146.386959,2.673463,0.056752
146.511959,2.673463,0.056752
146.636958,2.673463,0.056752
146.761959,2.673463,0.056752
146.886959,2.673463,0.056752
147.011959,2.673463,0.056752
147.136958,2.673463,0.056752
147.261959,2.673463,0.056752
147.386959,2.673463,0.056752
147.500207,2.683058,0.057072
147.602603,2.683058,0.057072
147.636958,2.683058,0.057072
147.761959,2.683058,0.057072
147.886958,2.683058,0.057072
148.011958,2.683058,0.057072
148.136959,2.683058,0.057072
148.261959,2.683058,0.057072
148.386959,2.683058,0.057072
148.511959,2.683058,0.057072
148.636958,2.683058,0.057072
148.761958,2.683058,0.057072
148.886958,2.683058,0.057072
149.011959,2.683058,0.057072
149.136959,2.683058,0.057072
149.261958,2.683058,0.057072
149.386958,2.683058,0.057072
149.4776,2.683058,0.057072
149.511958,2.683058,0.057072
149.632454,2.696495,0.057072
149.761958,2.696495,0.057072
149.886958,2.696495,0.057072
150.122036,2.703502,0.057072
150.132454,2.709932,0.057072
150.261958,2.709932,0.057072
150.386958,2.709932,0.057072
150.475593,2.709932,0.057072
150.511958,2.709932,0.057072
150.636959,2.709932,0.057072
150.757454,2.723369,0.057072
150.886959,2.723369,0.057072
151.011959,2.723369,0.057072
151.136959,2.723369,0.057072
151.261958,2.723369,0.057072
151.386958,2.723369,0.057072
151.478912,2.723369,0.057072
151.511958,2.723369,0.057072
151.632454,2.736805,0.057072
151.761958,2.736805,0.057072
151.886959,2.736805,0.057072
152.011959,2.736805,0.057072
152.132454,2.750241,0.057072
152.261959,2.750241,0.057072
152.386959,2.750241,0.057072
152.500115,2.760351,0.057072
152.552509,2.763165,0.057713
152.636959,2.763165,0.057713
152.796218,2.763165,0.057713
152.886958,2.763165,0.057713
153.011958,2.763165,0.057713
153.136958,2.763165,0.057713
153.261958,2.763165,0.057713
153.386959,2.763165,0.057713
153.484588,2.763165,0.057713
153.511959,2.763165,0.057713
153.636959,2.763165,0.057713
153.76147,2.772761,0.058033
153.886959,2.772761,0.058033
153.984588,2.772761,0.058033
154.011959,2.772761,0.058033
154.136959,2.772761,0.058033
154.261958,2.772761,0.058033
154.386959,2.772761,0.058033
154.511959,2.772761,0.058033
154.636959,2.772761,0.058033
154.761959,2.772761,0.058033
154.886958,2.772761,0.058033
155.101623,2.772761,0.058033
155.136959,2.772761,0.058033
155.261958,2.772761,0.058033
155.386958,2.772761,0.058033
155.5002,2.780436,0.058353
155.511958,2.780436,0.058353
155.636959,2.780436,0.058353
155.761959,2.780436,0.058353
155.886958,2.780436,0.058353
155.984588,2.780436,0.058353
156.011959,2.780436,0.058353
156.136959,2.780436,0.058353
156.261959,2.780436,0.058353
156.386959,2.780436,0.058353
156.511959,2.780436,0.058353
156.636958,2.780436,0.058353
156.761959,2.780436,0.058353
156.886959,2.780436,0.058353
157.099705,2.780436,0.058353
157.136958,2.780436,0.058353
157.261959,2.780436,0.058353
157.386959,2.780436,0.058353
157.499979,2.790032,0.058353
157.596907,2.790032,0.058673
157.709731,2.790032,0.058673
157.761958,2.790032,0.058673
157.886959,2.790032,0.058673
158.10182,2.790032,0.058673
158.136959,2.790032,0.058673
158.261958,2.790032,0.058673
158.386959,2.790032,0.058673
158.476821,2.790032,0.058673
158.511958,2.790032,0.058673
158.636959,2.790032,0.058673
158.761958,2.790032,0.058673
158.886959,2.790032,0.058673
159.10182,2.790032,0.058673
159.136958,2.790032,0.058673
159.261959,2.790032,0.058673
159.386958,2.790032,0.058673
159.511959,2.790032,0.058673
159.72682,2.803466,0.058673
159.761959,2.803466,0.058673
159.886959,2.803466,0.058673
160.000504,2.81306,0.058673
160.007575,2.816898,0.058673
160.136959,2.816898,0.058673
160.261958,2.816898,0.058673
160.386959,2.816898,0.058673
160.476972,2.816898,0.058673
160.543701,2.816898,0.058673
160.632576,2.83033,0.058673
160.761958,2.83033,0.058673
160.886959,2.83033,0.058673
161.000474,2.839924,0.058673
161.007576,2.843762,0.058673
161.136959,2.843762,0.058673
161.261959,2.843762,0.058673
161.386959,2.843762,0.058673
161.478698,2.843762,0.058673
161.511958,2.843762,0.058673
161.632576,2.857195,0.058673
161.761959,2.857195,0.058673
161.886958,2.857195,0.058673
162.001712,2.868199,0.058993
162.052783,2.870118,0.059313
162.136959,2.870118,0.059313
162.281153,2.870118,0.059313
162.386959,2.870118,0.059313
162.511959,2.870118,0.059313
162.636958,2.870118,0.059313
162.761958,2.870118,0.059313
162.886959,2.870118,0.059313
163.011959,2.870118,0.059313
163.136959,2.870118,0.059313
163.261959,2.870118,0.059313
163.386958,2.870118,0.059313
163.500905,2.879553,0.059313
163.51147,2.879713,0.059633
163.636959,2.879713,0.059633
163.761959,2.879713,0.059633
163.886958,2.879713,0.059633
164.011958,2.879713,0.059633
164.136959,2.879713,0.059633
164.261959,2.879713,0.059633
164.386959,2.879713,0.059633
164.511959,2.879713,0.059633
164.636959,2.879713,0.059633
164.761959,2.879713,0.059633
164.886959,2.879713,0.059633
165.010584,2.879713,0.059633
165.011959,2.879713,0.059633
165.136959,2.879713,0.059633
165.261959,2.879713,0.059633
165.386958,2.879713,0.059633
165.500353,2.88739,0.059953
165.511958,2.88739,0.059953
165.636959,2.88739,0.059953
165.761958,2.88739,0.059953
165.886958,2.88739,0.059953
166.011959,2.88739,0.059953
166.136959,2.88739,0.059953
166.261959,2.88739,0.059953
166.386959,2.88739,0.059953
166.511959,2.88739,0.059953
166.636959,2.88739,0.059953
166.761959,2.88739,0.059953
166.886959,2.88739,0.059953
167.011959,2.88739,0.059953
167.136959,2.88739,0.059953
167.261958,2.88739,0.059953
167.386959,2.88739,0.059953
167.500131,2.896986,0.059953
167.511959,2.896986,0.060274
167.636959,2.896986,0.060274
167.761959,2.896986,0.060274
167.886959,2.896986,0.060274
168.011959,2.896986,0.060274
168.136958,2.896986,0.060274
168.261958,2.896986,0.060274
168.386959,2.896986,0.060274
168.511959,2.896986,0.060274
168.636958,2.896986,0.060274
168.761958,2.896986,0.060274
168.886958,2.896986,0.060274
169.011959,2.896986,0.060274
169.136959,2.896986,0.060274
169.261958,2.896986,0.060274
169.386959,2.896986,0.060274
169.477417,2.896986,0.060274
169.511959,2.896986,0.060274
169.636958,2.904663,0.060595
169.761958,2.904663,0.060595
169.886958,2.904663,0.060595
170.011959,2.904663,0.060595
170.136959,2.904663,0.060595
170.261958,2.904663,0.060595
170.386958,2.904663,0.060595
170.480752,2.904663,0.060595
170.511958,2.904663,0.060595
170.629077,2.918415,0.060916
170.761959,2.918415,0.060916
170.886958,2.918415,0.060916
171.100132,2.918415,0.060916
171.136959,2.918415,0.060916
171.261958,2.918415,0.060916
171.386959,2.918415,0.060916
171.500375,2.926091,0.060916
171.600879,2.926091,0.061235
171.653934,2.926091,0.061235
171.761959,2.926091,0.061235
171.886959,2.926091,0.061235
172.011958,2.926091,0.061235
172.136959,2.926091,0.061235
172.261958,2.926091,0.061235
172.386958,2.926091,0.061235
172.511959,2.926091,0.061235
172.636958,2.926091,0.061235
172.761958,2.926091,0.061235
172.886959,2.926091,0.061235
173.011958,2.926091,0.061235
173.136959,2.926091,0.061235
173.261958,2.926091,0.061235
173.386958,2.926091,0.061235
173.501107,2.935685,0.061235
173.51147,2.935685,0.061556
173.636958,2.935685,0.061556
173.761958,2.935685,0.061556
173.886958,2.935685,0.061556
174.011959,2.935685,0.061556
174.136958,2.935685,0.061556
174.261959,2.935685,0.061556
174.386959,2.935685,0.061556
174.511959,2.935685,0.061556
174.636958,2.935685,0.061556
174.761959,2.935685,0.061556
174.886958,2.935685,0.061556
175.011958,2.935685,0.061556
175.136958,2.935685,0.061556
175.261958,2.935685,0.061556
175.386958,2.935685,0.061556
175.483856,2.935685,0.061556
175.511959,2.935685,0.061556
175.636958,2.935685,0.061556
175.761958,2.943361,0.061876
175.901989,2.943361,0.061876
176.011959,2.943361,0.061876
176.136958,2.943361,0.061876
176.261958,2.943361,0.061876
176.386958,2.943361,0.061876
176.511958,2.943361,0.061876
176.636958,2.943361,0.061876
176.761958,2.943361,0.061876
176.886959,2.943361,0.061876
177.011959,2.943361,0.061876
177.136959,2.943361,0.061876
177.261958,2.943361,0.061876
177.386958,2.943361,0.061876
177.481934,2.943361,0.061876
177.511959,2.943361,0.061876
177.636959,2.943361,0.061876
177.761959,2.943361,0.061876
177.886959,2.943361,0.061876
178.000872,2.952959,0.062196
178.011959,2.952959,0.062196
178.136958,2.952959,0.062196
178.261958,2.952959,0.062196
178.386959,2.952959,0.062196
178.511959,2.952959,0.062196
178.636958,2.952959,0.062196
178.780322,2.952959,0.062196
178.886958,2.952959,0.062196
179.011958,2.952959,0.062196
179.136959,2.952959,0.062196
179.261958,2.952959,0.062196
179.386959,2.952959,0.062196
179.630735,2.966392,0.062196
179.632484,2.966392,0.062196
179.761959,2.966392,0.062196
179.886958,2.966392,0.062196
179.977356,2.966392,0.062196
180.110782,2.966392,0.062196
180.132485,2.979824,0.062196
180.261959,2.979824,0.062196
180.386959,2.979824,0.062196
180.511958,2.979824,0.062196
180.636958,2.979824,0.062196
180.761959,2.979824,0.062196
180.886959,2.979824,0.062196
181.002441,2.99073,0.062196
181.007484,2.993257,0.062196
181.136958,2.993257,0.062196
181.261959,2.993257,0.062196
181.386958,2.993257,0.062196
181.478638,2.993257,0.062196
181.511958,2.993257,0.062196
181.632484,3.006687,0.062196
181.761959,3.006687,0.062196
181.886959,3.006687,0.062196
182.011958,3.006687,0.062196
182.136958,3.006687,0.062196
182.261959,3.006687,0.062196
182.386959,3.006687,0.062196
182.511959,3.006687,0.062196
182.636958,3.006687,0.062196
182.757484,3.020118,0.062196
182.886958,3.020118,0.062196
183.011958,3.020118,0.062196
183.17763,3.033038,0.062836
183.261959,3.033038,0.062836
183.386958,3.033038,0.062836
183.501519,3.042632,0.063156
183.51147,3.042632,0.063156
183.636959,3.042632,0.063156
183.781154,3.042632,0.063156
183.886958,3.042632,0.063156
184.100345,3.042632,0.063156
184.168165,3.042632,0.063156
184.261959,3.042632,0.063156
184.386958,3.042632,0.063156
184.602299,3.042632,0.063156
184.636958,3.042632,0.063156
184.761959,3.042632,0.063156
184.886958,3.042632,0.063156
185.102298,3.042632,0.063156
185.136958,3.042632,0.063156
185.261958,3.042632,0.063156
185.386959,3.042632,0.063156
185.500232,3.050309,0.063477
185.511959,3.050309,0.063477
185.636959,3.050309,0.063477
185.761958,3.050309,0.063477
185.886958,3.050309,0.063477
186.011958,3.050309,0.063477
186.136958,3.050309,0.063477
186.261959,3.050309,0.063477
186.386959,3.050309,0.063477
186.511959,3.050309,0.063477
186.636958,3.050309,0.063477
186.761958,3.050309,0.063477
186.886959,3.050309,0.063477
187.011959,3.050309,0.063477
187.136958,3.050309,0.063477
187.261959,3.050309,0.063477
187.386959,3.050309,0.063477
187.500009,3.059904,0.063477
187.511958,3.059904,0.063797
187.636959,3.059904,0.063797
187.761959,3.059904,0.063797
187.886959,3.059904,0.063797
187.903378,3.059904,0.063797
188.011959,3.059904,0.063797
188.136959,3.059904,0.063797
188.261959,3.059904,0.063797
188.386958,3.059904,0.063797
188.511959,3.059904,0.063797
188.636959,3.059904,0.063797
188.761959,3.059904,0.063797
188.886959,3.059904,0.063797
189.011959,3.059904,0.063797
189.136958,3.059904,0.063797
189.261959,3.059904,0.063797
189.386958,3.059904,0.063797
189.603059,3.059904,0.063797
189.632606,3.073337,0.063797
189.761959,3.073337,0.063797
189.882607,3.08677,0.063797
190.011959,3.08677,0.063797
190.136959,3.08677,0.063797
190.257607,3.100202,0.063797
190.386958,3.100202,0.063797
190.479498,3.100202,0.063797
190.511959,3.100202,0.063797
190.636958,3.100202,0.063797
190.761958,3.100202,0.063797
190.882606,3.113634,0.063797
191.011958,3.113634,0.063797
191.136958,3.113634,0.063797
191.261959,3.113634,0.063797
191.386959,3.113634,0.063797
191.476745,3.113634,0.063797
191.541596,3.113634,0.063797
191.636959,3.113634,0.063797
191.761958,3.113634,0.063797
191.882606,3.127066,0.063797
192.011958,3.127066,0.063797
192.099919,3.127066,0.063797
192.136959,3.127066,0.063797
192.300461,3.13903,0.064117
192.386959,3.13999,0.064437
192.478279,3.13999,0.064437
192.529348,3.13999,0.064437
192.636959,3.13999,0.064437
192.761959,3.13999,0.064437
192.886959,3.13999,0.064437
193.011959,3.13999,0.064437
193.136959,3.13999,0.064437
193.261958,3.13999,0.064437
193.386958,3.13999,0.064437
193.501641,3.149586,0.064757
193.600285,3.149586,0.064757
193.636959,3.149586,0.064757
193.761959,3.149586,0.064757
193.886959,3.149586,0.064757
194.011959,3.149586,0.064757
194.136958,3.149586,0.064757
194.261959,3.149586,0.064757
194.386958,3.149586,0.064757
194.511959,3.149586,0.064757
194.636959,3.149586,0.064757
194.761958,3.149586,0.064757
194.886959,3.149586,0.064757
195.011958,3.149586,0.064757
195.136959,3.149586,0.064757
195.261959,3.149586,0.064757
195.386958,3.149586,0.064757
195.499719,3.157261,0.065077
195.601047,3.157261,0.065077
195.654104,3.157261,0.065077
195.761959,3.157261,0.065077
195.886958,3.157261,0.065077
196.011959,3.157261,0.065077
196.136958,3.157261,0.065077
196.261958,3.157261,0.065077
196.386959,3.157261,0.065077
196.511958,3.157261,0.065077
196.636959,3.157261,0.065077
196.761958,3.157261,0.065077
196.886958,3.157261,0.065077
197.011958,3.157261,0.065077
197.136958,3.157261,0.065077
197.261958,3.157261,0.065077
197.386959,3.157261,0.065077
197.501085,3.166857,0.065398
197.600773,3.166857,0.065398
197.636958,3.166857,0.065398
197.761958,3.166857,0.065398
197.886959,3.166857,0.065398
198.011959,3.166857,0.065398
198.136959,3.166857,0.065398
198.261959,3.166857,0.065398
198.386959,3.166857,0.065398
198.511958,3.166857,0.065398
198.636959,3.166857,0.065398
198.761958,3.166857,0.065398
198.886958,3.166857,0.065398
199.011958,3.166857,0.065398
199.136959,3.166857,0.065398
199.261958,3.166857,0.065398
199.386959,3.166857,0.065398
199.483765,3.166857,0.065398
199.511959,3.166857,0.065398
199.636958,3.174534,0.065717
199.761958,3.174534,0.065717
199.886958,3.174534,0.065717
