time,rx_noinfo,rx_route,tx_noinfo,tx_route,last_recalibration_time,estimation_tx_route,estimation_tx_noinfo,estimation_rx_route,estimation_rx_noinfo,new_estimation_tx_route,new_estimation_tx_noinfo,new_estimation_rx_route,new_estimation_rx_noinfo,time_since_last_recalibration,last_coef_tx,last_coef_rx,epsilon_tx_route,epsilon_tx_noinfo,epsilon_rx_route,epsilon_rx_noinfo,delta_T,tx,rx,ratio route tx,ratio route rx,ratio route recalibration tx,ratio route recalibration rx,new ratio route recalibration tx,new ratio route recalibration rx,error_tx_route,error_rx_route,error_tx_noinfo,error_rx_noinfo
19.343505,0.0,0.000352,0.0,0.00176,10.895644,0.3330401789536934,0.3326001789536934,0.016978497205121606,0.016890497205121605,0.25283060814514374,0.25107060814514376,0.05179678540427485,0.05144478540427485,8.447861,0.01930182582515259,0.0009802082373469617,0.052576455685217224,0.052576455685217224,0.052576455685217224,0.052576455685217224,10.895644,0.376702,0.025234,0.0046721281012577585,0.013949433304272014,0.8840945334871952,0.6728420862773087,0.6711687438483038,2.0526585323085857,0.2623967795745175,0.5672325680141813,0.2650410710915923,0.5732790157261506
19.343505,0.000352,0.000352,0.0066175999999999995,0.0066175999999999995,10.895644,0.3346945789536934,0.3342545789536934,0.017066497205121607,0.016978497205121606,0.25944820814514374,0.25768820814514376,0.052148785404274846,0.05179678540427485,8.447861,0.01930182582515259,0.0009802082373469617,0.052576455685217224,0.052576455685217224,0.052576455685217224,0.052576455685217224,10.895644,0.376702,0.025234,0.022239329761986927,0.02789886660854403,0.8884863339023776,0.6763294446033767,0.688735945509033,2.0666079656128575,0.25245424347031614,0.5611861203022119,0.25509853498739093,0.5672325680141813
21.834273,0.0,0.000352,0.0,0.00176,20.898976,0.4163296569729416,0.4158896569729416,0.03581984513256557,0.035731845132565575,0.4089215369065963,0.4071718217466876,0.03918576529713629,0.038844050137227575,0.9352969999999985,0.019204818680328823,0.002340243070063055,0.050733803840850314,0.05084380384085031,0.050733803840850314,0.05084380384085031,10.003332,0.416493,0.03996,0.024340385072498215,0.02642642642642643,0.9996078132716315,0.8963925208349742,0.9818209115317574,0.9806247571855928,0.011605188423331686,0.7053349163981035,0.042866289666670644,0.7203269818233021
21.834273,0.000352,0.000352,0.0066175999999999995,0.0066175999999999995,20.898976,0.4179840569729416,0.4175440569729416,0.03590784513256558,0.03581984513256557,0.4155391369065963,0.4137894217466876,0.0395377652971363,0.03919605013722757,0.9352969999999985,0.019204818680328823,0.002340243070063055,0.050733803840850314,0.05084380384085031,0.050733803840850314,0.05084380384085031,10.003332,0.416493,0.03996,0.040229247550378995,0.03523523523523523,1.0035800288911016,0.8985947230371766,0.9977097740096382,0.9894335659944018,0.10593655225162389,0.6903428509729037,0.07467545100828493,0.7053349163981035
22.189793,0.0,0.000352,0.0,0.00176,20.898976,0.4235448298258645,0.4226648298258645,0.036619847544767194,0.03644384754476719,0.41910222431202276,0.41559641856949614,0.04169285270256273,0.041003046960036135,1.2908170000000005,0.019204818680328823,0.002340243070063055,0.050733803840850314,0.05084380384085031,0.050733803840850314,0.05084380384085031,10.003332,0.42416899999999996,0.040279,0.04365052608747928,0.04369522580004468,0.9985284870555475,0.90915483365444,0.9880548185087142,1.0351014847082283,0.02869615990692218,0.5912566638651717,0.06915406988807216,0.6196952638178624
22.189793,0.000352,0.000352,0.0066175999999999995,0.0066175999999999995,20.898976,0.4251992298258645,0.4243192298258645,0.03670784754476719,0.036531847544767196,0.42571982431202277,0.42221401856949614,0.04204485270256273,0.04135504696003614,1.2908170000000005,0.019204818680328823,0.002340243070063055,0.050733803840850314,0.05084380384085031,0.050733803840850314,0.05084380384085031,10.003332,0.42416899999999996,0.040279,0.059251854803156284,0.05243427096005362,1.0024288192344668,0.9113395949444423,1.0036561472243912,1.0438405298682372,0.04736471085764051,0.577037363888827,0.006906800876490524,0.6054759638415166
24.159556,0.0,0.000352,0.0,0.00176,20.898976,0.4540109357695299,0.4526909357695299,0.04025314070257965,0.03998914070257965,0.43746985260009363,0.4322257070333964,0.05238688099063361,0.05136673542393644,3.2605799999999974,0.019204818680328823,0.002340243070063055,0.050733803840850314,0.05084380384085031,0.050733803840850314,0.05084380384085031,10.003332,0.444446,0.046100999999999996,0.06050858821994123,0.053447864471486514,1.0215210301578366,0.8731511399444621,0.9843037232871792,1.1363502091198372,0.22758484271271245,0.4868845639204749,0.1961772097061457,0.5088648336803351
24.159556,0.000352,0.000352,0.0066175999999999995,0.0066175999999999995,20.898976,0.4556653357695299,0.4543453357695299,0.040341140702579645,0.040077140702579644,0.44408745260009364,0.4388433070333964,0.05273888099063361,0.05171873542393643,3.2605799999999974,0.019204818680328823,0.002340243070063055,0.050733803840850314,0.05084380384085031,0.050733803840850314,0.05084380384085031,10.003332,0.444446,0.046100999999999996,0.07539813610652361,0.06108327368169887,1.0252434171294822,0.8750599922470153,0.9991932711737616,1.1439856183300496,0.26694907608094315,0.47955780733385506,0.23554144307437638,0.5015380770937152
29.274522,0.0,0.000352,0.0,0.00176,20.898976,0.529779331709065,0.528019331709065,0.049406838503910755,0.04905483850391076,0.4717889770538075,0.4648410773719815,0.07903240544434753,0.07771650576252151,8.375546,0.019204818680328823,0.002340243070063055,0.050733803840850314,0.05084380384085031,0.050733803840850314,0.05084380384085031,10.003332,0.521195,0.046458,0.06767217644067959,0.06819062378922897,1.0164704797802455,1.0634732124480337,0.9052062607158694,1.701158152403193,0.07227267660460386,0.2384292495873077,0.05745499304633934,0.20996818068054066
29.274522,0.000352,0.000352,0.0066175999999999995,0.0066175999999999995,20.898976,0.531433731709065,0.5296737317090651,0.04949483850391076,0.049142838503910755,0.4784065770538075,0.4714586773719815,0.07938440544434752,0.0780685057625215,8.375546,0.019204818680328823,0.002340243070063055,0.050733803840850314,0.05084380384085031,0.050733803840850314,0.05084380384085031,10.003332,0.521195,0.046458,0.08036915166108653,0.07576735976580996,1.0196447235853472,1.0653673964421793,0.9179032359362763,1.7087348883797737,0.08620129914937309,0.24554451681399989,0.07138361559110858,0.21708344790723227
30.26431,0.0,0.000352,0.0,0.00176,20.898976,0.546130256013039,0.543930256013039,0.051320096884784436,0.050880096884784426,0.48518647544726556,0.47648945980687696,0.08475630383780555,0.08309928819741694,9.365333999999997,0.019204818680328823,0.002340243070063055,0.050733803840850314,0.05084380384085031,0.050733803840850314,0.05084380384085031,10.003332,0.628671,0.046778,0.06942900181493976,0.08277395356791652,0.868705978187381,1.0970989970666645,0.7717653199324696,1.8118838735688902,0.36481613055721246,0.35799012029802385,0.3745397585312061,0.32331105973927715
30.26431,0.000352,0.000352,0.0066175999999999995,0.0066175999999999995,20.898976,0.5477846560130389,0.545584656013039,0.05140809688478443,0.05096809688478443,0.49180407544726557,0.48310705980687696,0.08510830383780557,0.08345128819741693,9.365333999999997,0.019204818680328823,0.002340243070063055,0.050733803840850314,0.05084380384085031,0.050733803840850314,0.05084380384085031,10.003332,0.628671,0.046778,0.07995533434817256,0.09029885843772713,0.8713375613206892,1.098980223284117,0.7822916524657024,1.8194087784387014,0.3575039623207694,0.3649259324097723,0.36722759029476304,0.3302468718510267
33.389209,0.0,0.000352,0.0,0.00176,30.898969,0.6713678498837949,0.670927849883795,0.04923567138672559,0.04914767138672559,0.6442426260522468,0.6426675265016771,0.06094162605224679,0.060774526501677105,2.49024,0.022625315837721083,0.001268778049090634,0.05546299306134572,0.056205493061345715,0.05546299306134572,0.056205493061345715,9.999993,0.6685260000000001,0.059926,0.07782135623745372,0.07636084504221873,1.0042509190125664,0.8216078394474117,0.9636762460281975,1.0169480034083167,0.07130472672926538,0.8130764080677221,0.06026470665650174,0.8197694412286589
33.389209,0.000352,0.000352,0.0066175999999999995,0.0066175999999999995,30.898969,0.673022249883795,0.6725822498837949,0.049323671386725595,0.04923567138672559,0.6508602260522468,0.6492851265016771,0.061293626052246794,0.0611265265016771,2.49024,0.022625315837721083,0.001268778049090634,0.05546299306134572,0.056205493061345715,0.05546299306134572,0.056205493061345715,9.999993,0.6685260000000001,0.059926,0.08772014850581726,0.08223475619931248,1.0067256170796572,0.8230763172366852,0.973575038296561,1.0228219145654105,0.11281520220285847,0.8063833749067847,0.10177518213009204,0.8130764080677221
44.504615,0.0,0.000352,0.0,0.00176,40.898966,0.8688416021370156,0.8684016021370156,0.06356953154555946,0.06348153154555947,0.8345229763791145,0.8332414010743294,0.07566868597831812,0.07579511067353303,3.6056489999999997,0.01887013470112005,0.0013148003944401182,0.04268491292722151,0.04401178792722153,0.04268491292722151,0.04401178792722153,9.999997,0.9716244351091701,0.07412061205240171,0.06216723027680257,0.07123524555176569,0.8942154712683754,0.8576498464505007,0.8588945957141856,1.020885876182754,0.6663300090022988,0.7433158770307515,0.6691824814968099,0.749515412437223
44.504615,0.000352,0.000352,0.0066175999999999995,0.0066175999999999995,40.898966,0.8704960021370156,0.8700560021370154,0.06365753154555946,0.06356953154555946,0.8411405763791145,0.8398590010743294,0.07602068597831813,0.07614711067353304,3.6056489999999997,0.01887013470112005,0.0013148003944401182,0.04268491292722151,0.04401178792722153,0.04268491292722151,0.04401178792722153,9.999997,0.9716244351091701,0.07412061205240171,0.06897809233510029,0.0759842619218834,0.8959181867829499,0.8588371005430302,0.8657054577724833,1.0256348925528718,0.6556047124229362,0.7371163416242791,0.6584571849174488,0.7433158770307515
45.048018,0.0,0.000352,0.0,0.00176,40.898966,0.87862656799226,0.87774656799226,0.06428138140461442,0.06410538140461441,0.845220088048907,0.8422506155513154,0.07869219764811071,0.07853872515051896,4.1490519999999975,0.01887013470112005,0.0013148003944401182,0.04268491292722151,0.04401178792722153,0.04268491292722151,0.04401178792722153,9.999997,0.973791,0.078123,0.07063199392888206,0.0765971608873187,0.9022742744513557,0.8228227462413684,0.8679686791610387,1.0072859164152774,0.6083954550678923,0.7606538767591128,0.6140213805230685,0.7703258007026205
45.048018,0.000352,0.000352,0.0066175999999999995,0.0066175999999999995,40.898966,0.8802809679922601,0.8794009679922601,0.06436938140461441,0.06419338140461442,0.851837688048907,0.8488682155513154,0.07904419764811071,0.07889072515051897,4.1490519999999975,0.01887013470112005,0.0013148003944401182,0.04268491292722151,0.04401178792722153,0.04268491292722151,0.04401178792722153,9.999997,0.973791,0.078123,0.07742770265898945,0.08110287623363156,0.9039732016338825,0.8239491750779465,0.8747643878911461,1.0117916317615903,0.5978187152121603,0.7558179147873597,0.6034446406673366,0.7654898387308666
45.095277,0.0,0.000352,0.0,0.00176,40.898966,0.8813898057641403,0.8800698057641403,0.06450398351849505,0.06423998351849505,0.8537994127394273,0.8490762109222793,0.07959792233863089,0.07909872052148285,4.1963110000000015,0.01887013470112005,0.0013148003944401182,0.04268491292722151,0.04401178792722153,0.04268491292722151,0.04401178792722153,9.999997,0.973791,0.078123,0.07923507200210311,0.08560859157994444,0.9051118831085319,0.8256721262431685,0.876778911223689,1.0188794892494002,0.59072980765934,0.7484209749686732,0.5991686958421045,0.762928860883934
45.095277,0.000352,0.000352,0.0066175999999999995,0.0066175999999999995,40.898966,0.8830442057641403,0.8817242057641402,0.06459198351849506,0.06432798351849506,0.8604170127394273,0.8556938109222793,0.0799499223386309,0.07945072052148286,4.1963110000000015,0.01887013470112005,0.0013148003944401182,0.04268491292722151,0.04401178792722153,0.04268491292722151,0.04401178792722153,9.999997,0.973791,0.078123,0.0860307807322105,0.0901143069262573,0.9068108102910587,0.8267985550797468,0.8835746199537964,1.023385204595713,0.5801530678036081,0.7435850129969194,0.5885919559863733,0.7580928989121801
46.257015,0.0,0.000352,0.0,0.00176,40.898966,0.8999258201746977,0.8981658201746976,0.06582557370397212,0.06547357370397211,0.8671358827645128,0.8608068291044841,0.08526079236371634,0.08456373870368776,5.358049000000001,0.01887013470112005,0.0013148003944401182,0.04268491292722151,0.04401178792722153,0.04268491292722151,0.04401178792722153,9.999997,0.985303,0.08126599999999999,0.08681187411385126,0.09096054930721334,0.9133493150581067,0.8100013991579765,0.8800702756050807,1.0491569950990125,0.5084071878757024,0.7235438751653178,0.5188877009647059,0.7400387205261428
46.257015,0.000352,0.000352,0.0066175999999999995,0.0066175999999999995,40.898966,0.9015802201746976,0.8998202201746976,0.06591357370397212,0.06556157370397211,0.8737534827645128,0.8674244291044841,0.08561279236371636,0.08491573870368775,5.358049000000001,0.01887013470112005,0.0013148003944401182,0.04268491292722151,0.04401178792722153,0.04268491292722151,0.04401178792722153,9.999997,0.985303,0.08126599999999999,0.09352818371607514,0.09529200403612825,0.9150283924586625,0.8110842628402053,0.8867865852073046,1.0534884498279276,0.49855550557204004,0.7194201638251114,0.5090360186610429,0.7359150091859364
52.610876,0.0,0.000352,0.0,0.00176,50.891415,1.0507499756616587,1.0503099756616587,0.1281177121277196,0.1280297121277196,1.0327533126292303,1.031372767172434,0.12790642013382697,0.12793387467703066,1.7194609999999955,0.020646761329400194,0.006036468888117079,0.04247722610320346,0.044682382353203515,0.04247722610320346,0.044682382353203515,9.992449,1.0734045070890255,0.13974509117492392,0.08749134122297013,0.057934056444715804,0.9788946932142071,0.9167957961925839,0.9621287276219499,0.9152838146831357,0.45563757800787114,0.5962763479077904,0.4644870452752135,0.6007891721997365
52.610876,0.000352,0.000352,0.0066175999999999995,0.0066175999999999995,50.891415,1.0524043756616588,1.0519643756616588,0.1282057121277196,0.1281177121277196,1.0393709126292303,1.037990367172434,0.12825842013382696,0.12828587467703068,1.7194609999999955,0.020646761329400194,0.006036468888117079,0.04247722610320346,0.044682382353203515,0.04247722610320346,0.044682382353203515,9.992449,1.0734045070890255,0.13974509117492392,0.09365639825067568,0.06045292846405127,0.9804359574711335,0.9174255141974178,0.9682937846496554,0.9178026867024711,0.4223635810826623,0.5917635236158444,0.4312130483500047,0.5962763479077904
53.094415,0.0,0.000352,0.0,0.00176,50.891415,1.0603320114065016,1.0594520114065016,0.13048286322498803,0.13030686322498805,1.0431864042742431,1.0401525672978174,0.1306659117788398,0.1304480748024139,2.202999999999996,0.020646761329400194,0.006036468888117079,0.04247722610320346,0.044682382353203515,0.04247722610320346,0.044682382353203515,9.992449,1.079784,0.15121199999999999,0.0947330206782097,0.058196439436023595,0.9819852965097663,0.8629134144445417,0.9661065586026863,0.8641239569534152,0.3467377645899909,0.669396736469083,0.3624240390997947,0.6750802256995929
53.094415,0.000352,0.000352,0.0066175999999999995,0.0066175999999999995,50.891415,1.0619864114065016,1.0611064114065014,0.13057086322498804,0.13039486322498803,1.0498040042742431,1.0467701672978174,0.1310179117788398,0.1308000748024139,2.202999999999996,0.020646761329400194,0.006036468888117079,0.04247722610320346,0.044682382353203515,0.04247722610320346,0.044682382353203515,9.992449,1.079784,0.15121199999999999,0.1008616538122439,0.06052429701346454,0.9835174547932749,0.863495378838902,0.9722351917367206,0.8664518145308562,0.31724756851155855,0.6665549918538276,0.3329338430213663,0.6722384810843384
55.142745,0.0,0.000352,0.0,0.00176,50.891415,1.0941449468818893,1.0928249468818891,0.13993237346318568,0.13966837346318567,1.0602713168203441,1.0559295099420016,0.14007722432494082,0.13995941744659826,4.251329999999996,0.020646761329400194,0.006036468888117079,0.04247722610320346,0.044682382353203515,0.04247722610320346,0.044682382353203515,9.992449,1.233892,0.158673,0.08969083193666867,0.059896768826454394,0.8867428809668021,0.8818915219551258,0.8592902108291035,0.8828044111155698,0.6648036854834767,0.4876829125889746,0.6710831800793066,0.4945529224400637
55.142745,0.000352,0.000352,0.0066175999999999995,0.0066175999999999995,50.891415,1.0957993468818892,1.0944793468818892,0.1400203734631857,0.13975637346318567,1.0668889168203441,1.0625471099420016,0.14042922432494084,0.14031141744659828,4.251329999999996,0.020646761329400194,0.006036468888117079,0.04247722610320346,0.044682382353203515,0.04247722610320346,0.044682382353203515,9.992449,1.233892,0.158673,0.0950540241771565,0.06211516767187863,0.8880836790269239,0.8824461216664818,0.8646534030695913,0.8850228099609943,0.6569333855900387,0.48539290930527823,0.6632128801858674,0.4922629191563674
56.249131,0.0,0.000352,0.0,0.00176,50.891415,1.1133718126420313,1.1116118126420313,0.14511737196362193,0.1447653719636219,1.0733520890136092,1.0674944419005867,0.14548439651820586,0.14525874940518335,5.357715999999996,0.020646761329400194,0.006036468888117079,0.04247722610320346,0.044682382353203515,0.04247722610320346,0.044682382353203515,9.992449,1.2535289780403522,0.1611930940809274,0.09496900517298434,0.06332777504025727,0.8881899279126125,0.9002704042070523,0.8562642809355597,0.9025473290137668,0.6097899836372085,0.3925888294248331,0.6174473186592988,0.4011851006809023
56.249131,0.000352,0.000352,0.0066175999999999995,0.0066175999999999995,50.891415,1.1150262126420314,1.1132662126420314,0.1452053719636219,0.1448533719636219,1.0799696890136092,1.0741120419005867,0.14583639651820585,0.14561074940518334,5.357715999999996,0.020646761329400194,0.006036468888117079,0.04247722610320346,0.044682382353203515,0.04247722610320346,0.044682382353203515,9.992449,1.2535289780403522,0.1611930940809274,0.10024818109626081,0.0655114914209558,0.8895097218934317,0.9008163333022268,0.8615434568588362,0.9047310453944652,0.6025920887164432,0.39043976161081645,0.6102494237385335,0.399036032866885
58.913198,0.0,0.000352,0.0,0.00176,50.891415,1.1567194792779298,1.1545194792779299,0.15735454013464148,0.15691454013464148,1.0930544579779624,1.086024723197089,0.15751316548255917,0.15752343070168554,8.021783,0.020646761329400194,0.006036468888117079,0.04247722610320346,0.044682382353203515,0.04247722610320346,0.044682382353203515,9.992449,1.278481,0.16379100000000002,0.0996682782145374,0.06662148713909798,0.9047607897793787,0.9607032140632968,0.8549633963883408,0.961671675992937,0.4778765869381122,0.14780865648896638,0.4865109115180718,0.15791293900071973
58.913198,0.000352,0.000352,0.0066175999999999995,0.0066175999999999995,50.891415,1.15837387927793,1.15617387927793,0.15744254013464148,0.1570025401346415,1.0996720579779624,1.092642323197089,0.15786516548255913,0.15787543070168553,8.021783,0.020646761329400194,0.006036468888117079,0.04247722610320346,0.044682382353203515,0.04247722610320346,0.044682382353203515,9.992449,1.278481,0.16379100000000002,0.10484442084004376,0.06877056736939147,0.9060548254357553,0.9612404841208703,0.8601395390138472,0.9638207562232303,0.47138357485398225,0.1457877999866156,0.4800178994339419,0.15589208249836892
62.028202,0.0,0.000352,0.0,0.00176,60.898971,1.3415676110568604,1.3411276110568604,0.17640285499562608,0.17631485499562607,1.3246531166710969,1.3232783300696538,0.1788261166710969,0.17885933006965374,1.1292309999999972,0.029245402174117235,0.005165586132658502,0.057907140785663794,0.06132100797316382,0.057907140785663794,0.06132100797316382,10.007556000000001,1.3381583837032531,0.175223,0.10148395111808756,0.06629266705854824,1.0025477009262331,1.0067334482095736,0.9899075720806819,1.0205630349388888,0.15639099710412996,0.3593831847779764,0.13620694025236055,0.33257843302652795
62.028202,0.000352,0.000352,0.0066175999999999995,0.0066175999999999995,60.898971,1.3432220110568605,1.3427820110568605,0.17649085499562608,0.17640285499562608,1.3312707166710969,1.3298959300696538,0.17917811667109693,0.17921133006965373,1.1292309999999972,0.029245402174117235,0.005165586132658502,0.057907140785663794,0.06132100797316382,0.057907140785663794,0.06132100797316382,10.007556000000001,1.3381583837032531,0.175223,0.10642925511243709,0.06830153575729213,1.0037840269248204,1.0072356653842593,0.9948528760750315,1.0225719036376328,0.23228305086678627,0.38618793652942485,0.21209899401501683,0.3593831847779764
71.248066,0.0,0.000352,0.0,0.00176,70.899139,1.705226798745271,1.704786798745271,0.2020013728142617,0.2019133728142617,1.6992345280994032,1.6976291141340678,0.20409430960044775,0.20389689563511235,0.3489269999999891,0.037851585943251685,0.002920850929704379,0.0743236599073484,0.07875406029797341,0.0743236599073484,0.07875406029797341,10.000168000000002,1.779073,0.201469,0.08104175601563286,0.0611508470285751,0.9584917531463133,1.0026424552375883,0.9551235548509832,1.013030836508087,0.8771188818924428,1.6636650445677017,0.8823450452085682,1.3886650445676996
71.248066,0.000352,0.000352,0.0066175999999999995,0.0066175999999999995,70.899139,1.706881198745271,1.706441198745271,0.2020893728142617,0.2020013728142617,1.7058521280994032,1.7042467141340678,0.20444630960044777,0.20424889563511234,0.3489269999999891,0.037851585943251685,0.002920850929704379,0.0743236599073484,0.07875406029797341,0.0743236599073484,0.07875406029797341,10.000168000000002,1.779073,0.201469,0.08476144598900665,0.06289801408653439,0.9594216756396567,1.0030792470020782,0.958843244824357,1.014778003566046,0.8574685078238108,1.9386650445677038,0.8626946711399361,1.6636650445677017
72.605998,0.0,0.000352,0.0,0.00176,70.899139,1.7458711085975898,1.7449911085975898,0.2051521105227682,0.2049761105227682,1.7177046061603023,1.7149408003342745,0.21489078766134692,0.21494298183531896,1.7068589999999944,0.037851585943251685,0.002920850929704379,0.0743236599073484,0.07875406029797341,0.0743236599073484,0.07875406029797341,10.000168000000002,1.8529599527657834,0.208579,0.0823314069860437,0.06244156890195081,0.9422066062418945,0.9835703044063314,0.9270057907060566,1.030260897124576,0.6774399141343942,0.4612233482142398,0.6830067603270934,0.48491110056955367
72.605998,0.000352,0.000352,0.0066175999999999995,0.0066175999999999995,70.899139,1.7475255085975898,1.7466455085975896,0.2052401105227682,0.2050641105227682,1.7243222061603023,1.7215584003342745,0.2152427876613469,0.21529498183531898,1.7068589999999944,0.037851585943251685,0.002920850929704379,0.0743236599073484,0.07875406029797341,0.0743236599073484,0.07875406029797341,10.000168000000002,1.8529599527657834,0.208579,0.08590277397113281,0.0641291788722738,0.9430994479881667,0.9839922068989122,0.9305771576911457,1.031948507094899,0.6669742432921193,0.449379472036581,0.6725410894848199,0.47306722439189486
73.472472,0.0,0.000352,0.0,0.00176,70.899139,1.7725635699065345,1.7712435699065343,0.2072262415641167,0.20696224156411672,1.7325220498603842,1.7283821202600422,0.22203463136142873,0.22211870176108683,2.573332999999991,0.037851585943251685,0.002920850929704379,0.0743236599073484,0.07875406029797341,0.0743236599073484,0.07875406029797341,10.000168000000002,1.900612,0.20921900000000002,0.08467504151294428,0.06561545557525844,0.932627790367805,0.990475251120198,0.9115600921494678,1.0612546248735952,0.6224077367480148,0.24693413084055854,0.62882388891722,0.27964788548739694
73.472472,0.000352,0.000352,0.0066175999999999995,0.0066175999999999995,70.899139,1.7742179699065344,1.7728979699065344,0.2073142415641167,0.2070502415641167,1.7391396498603842,1.7349997202600422,0.22238663136142872,0.22247070176108683,2.573332999999991,0.037851585943251685,0.002920850929704379,0.0743236599073484,0.07875406029797341,0.0743236599073484,0.07875406029797341,10.000168000000002,1.900612,0.20921900000000002,0.08815686736693236,0.06729790315411122,0.9334982468313019,0.9908958630149112,0.9150419180034558,1.0629370724524478,0.614366159362613,0.23602954595827794,0.6207823115318171,0.26874330060511975
75.461845,0.0,0.000352,0.0,0.00176,70.899139,1.8311336622185477,1.8293736622185477,0.21176023804655078,0.21140823804655076,1.7556851496920731,1.7506665771765622,0.23752413119311766,0.23813755867760664,4.5627059999999915,0.037851585943251685,0.002920850929704379,0.0743236599073484,0.07875406029797341,0.0743236599073484,0.07875406029797341,10.000168000000002,1.956675,0.22235300000000002,0.08653046622459021,0.06490580293497275,0.9358394532656408,0.9523606069922634,0.8972799006948385,1.0682299370510748,0.47954285644845,0.4995643252900032,0.486265705210971,0.5161649666784214
75.461845,0.000352,0.000352,0.0066175999999999995,0.0066175999999999995,70.899139,1.8327880622185477,1.8310280622185477,0.21184823804655079,0.21149623804655077,1.7623027496920731,1.7572841771765622,0.23787613119311768,0.23848955867760663,4.5627059999999915,0.037851585943251685,0.002920850929704379,0.0743236599073484,0.07875406029797341,0.0743236599073484,0.07875406029797341,10.000168000000002,1.956675,0.22235300000000002,0.08991253018513552,0.06648887129924037,0.9366849692557772,0.9527563740833304,0.9006619646553838,1.0698130054153425,0.47322337861168,0.4954141649428987,0.479946227374201,0.5120148063313168
76.930098,0.0,0.000352,0.0,0.00176,70.899139,1.8749098406805007,1.8727098406805007,0.21515264915161922,0.21471264915161922,1.774975160026574,1.7688470714494064,0.2491405415276185,0.2500524529504509,6.030958999999996,0.037851585943251685,0.002920850929704379,0.0743236599073484,0.07875406029797341,0.0743236599073484,0.07875406029797341,10.000168000000002,1.9962816677045492,0.2246851049991351,0.08901028490850131,0.06736539122189814,0.9392010511404387,0.9575741531796129,0.889140640192099,1.1088431586445284,0.40269292014643726,0.4050141621931997,0.4099921793406374,0.4237088442578899
76.930098,0.000352,0.000352,0.0066175999999999995,0.0066175999999999995,70.899139,1.8765642406805008,1.8743642406805008,0.21524064915161922,0.21480064915161923,1.781592760026574,1.7754646714494065,0.2494925415276185,0.25040445295045094,6.030958999999996,0.037851585943251685,0.002920850929704379,0.0743236599073484,0.07875406029797341,0.0743236599073484,0.07875406029797341,10.000168000000002,1.9962816677045492,0.2246851049991351,0.09232524797561666,0.06893202822705856,0.9400297919072177,0.9579658124309031,0.8924556032592144,1.1104097956496888,0.39720387723239853,0.4012752257802614,0.40450313642659863,0.41996990784495164
82.09888,0.0,0.000352,0.0,0.00176,80.899133,2.2202515080558447,2.2198115080558445,0.24140498272288963,0.24131698272288962,2.189472734485392,2.1884017256410955,0.24958873448539187,0.2499257256410954,1.199746999999988,0.0481596070458687,0.0036852022111213286,0.09365080924520981,0.09939360953817855,0.09365080924520981,0.09939360953817855,9.999994000000001,2.194321,0.24639299999999997,0.08479488643639653,0.06428754063630053,1.0118170987999682,0.979755848270404,0.9977905395269844,1.0129700701131603,1.45317799012806,0.5943776545651064,1.428519841730827,0.6048638318768325
82.09888,0.000352,0.000352,0.0066175999999999995,0.0066175999999999995,80.899133,2.2219059080558443,2.2214659080558445,0.24149298272288963,0.24140498272288963,2.196090334485392,2.1950193256410953,0.2499407344853919,0.2502777256410954,1.199746999999988,0.0481596070458687,0.0036852022111213286,0.09365080924520981,0.09939360953817855,0.09365080924520981,0.09939360953817855,9.999994000000001,2.194321,0.24639299999999997,0.08781067127371067,0.06571615265044056,1.0125710450092964,0.9801130012739391,1.0008063243642986,1.0143986821273003,1.545892628101588,0.5838914772533803,1.52123447970438,0.5943776545651064
84.368488,0.0,0.000352,0.0,0.00176,80.899133,2.304323480126965,2.303443480126965,0.2478539560378736,0.24767795603787363,2.2191054098253775,2.217577792311848,0.27154780982537735,0.2728361923118481,3.469354999999993,0.0481596070458687,0.0036852022111213286,0.09365080924520981,0.09939360953817855,0.09365080924520981,0.09939360953817855,9.999994000000001,2.2066,0.273231,0.08811964107676973,0.06054949840977049,1.0442869029851196,0.9071223837627268,1.0056672753672518,0.9938396808026079,3.2441483294149362,0.7203248357117913,3.214934771668364,0.7253205779769057
84.368488,0.000352,0.000352,0.0066175999999999995,0.0066175999999999995,80.899133,2.305977880126965,2.305097880126965,0.2479419560378736,0.24776595603787363,2.2257230098253773,2.2241953923118483,0.2718998098253773,0.2731881923118481,3.469354999999993,0.0481596070458687,0.0036852022111213286,0.09365080924520981,0.09939360953817855,0.09365080924520981,0.09939360953817855,9.999994000000001,2.2066,0.273231,0.09111864406779666,0.06183778560997837,1.0450366537328764,0.9074444555627788,1.0086662783582785,0.9951279680028157,3.299069817978495,0.7178269645792337,3.269856260231922,0.7228227068443481
86.338333,0.0,0.000352,0.0,0.00176,80.899133,2.377568100982917,2.376248100982917,0.2534744139000484,0.2532104139000484,2.245930778727802,2.243774404537329,0.2906995787278018,0.29276720453732885,5.4392,0.0481596070458687,0.0036852022111213286,0.09365080924520981,0.09939360953817855,0.09365080924520981,0.09939360953817855,9.999994000000001,2.261612,0.277389,0.08968045800959674,0.06217982688570925,1.0512714386830795,0.9137868260819585,0.9930663521098233,1.0479852435669827,1.362026205237766,0.6071541103877229,1.3465214187222347,0.613856659387418
86.338333,0.000352,0.000352,0.0066175999999999995,0.0066175999999999995,80.899133,2.379222500982917,2.377902500982917,0.25356241390004836,0.25329841390004837,2.252548378727802,2.250392004537329,0.29105157872780174,0.2931192045373288,5.4392,0.0481596070458687,0.0036852022111213286,0.09365080924520981,0.09939360953817855,0.09365080924520981,0.09939360953817855,9.999994000000001,2.261612,0.277389,0.09260651252292618,0.06344880294460128,1.0520029523114118,0.9141040700966814,0.9959924066231529,1.0492542196258747,1.381458871003903,0.6049199273878251,1.3659540844883715,0.6116224763875201
88.372536,0.0,0.000352,0.0,0.00176,80.899133,2.4531373138315624,2.4513773138315624,0.25927275094515057,0.25892075094515055,2.2733588658699975,2.270610694538882,0.3104540658699973,0.31333789453888183,7.4734029999999905,0.0481596070458687,0.0036852022111213286,0.09365080924520981,0.09939360953817855,0.09365080924520981,0.09939360953817855,9.999994000000001,2.282559,0.28026799999999996,0.09252772874655162,0.06405297786404444,1.0747311740163397,0.9250886685071096,0.9959693772953941,1.1077042897155485,1.6079854624871586,0.49672910438047235,1.5913945234022997,0.5050571144119395
88.372536,0.000352,0.000352,0.0066175999999999995,0.0066175999999999995,80.899133,2.4547917138315625,2.453031713831562,0.2593607509451506,0.2590087509451506,2.2799764658699972,2.277228294538882,0.3108060658699973,0.31368989453888185,7.4734029999999905,0.0481596070458687,0.0036852022111213286,0.09365080924520981,0.09939360953817855,0.09365080924520981,0.09939360953817855,9.999994000000001,2.282559,0.28026799999999996,0.09542693091394357,0.0653089186064767,1.0754559745581878,0.9254026536927178,0.998868579462786,1.1089602304579809,1.6235809452269265,0.4946471018726049,1.6069900061420634,0.502975111904072
89.227192,0.0,0.000352,0.0,0.00176,80.899133,2.4861016366711075,2.4839016366711073,0.26181093608086164,0.26137093608086165,2.289740393274981,2.285723034111072,0.31916199327498124,0.3221846341110718,8.328058999999996,0.0481596070458687,0.0036852022111213286,0.09365080924520981,0.09939360953817855,0.09365080924520981,0.09939360953817855,9.999994000000001,2.282559,0.280589,0.09619799532016483,0.06648870768276736,1.0891730012985896,0.9330762648602107,1.0031462026939857,1.137471509128944,1.9187292535124518,0.4409238264097481,1.8979905796563763,0.4512553752028352
89.227192,0.000352,0.000352,0.0066175999999999995,0.0066175999999999995,80.899133,2.487756036671108,2.485556036671108,0.2618989360808617,0.2614589360808617,2.2963579932749814,2.292340634111072,0.3195139932749812,0.3225366341110718,8.328058999999996,0.0481596070458687,0.0036852022111213286,0.09365080924520981,0.09939360953817855,0.09365080924520981,0.09939360953817855,9.999994000000001,2.282559,0.280589,0.09909719748755678,0.06774321160131015,1.089897801840438,0.9333898908398466,1.0060454048613776,1.1387260130474866,1.9343247362522238,0.4388575166511298,1.9135860623961483,0.449189065444217
90.543133,0.0,0.000352,0.0,0.00176,80.899133,2.535727437762768,2.533087437762768,0.2656240675930406,0.26509606759304055,2.3104418946262175,2.305420254551772,0.33218989462621706,0.3356162545517721,9.643999999999991,0.0481596070458687,0.0036852022111213286,0.09365080924520981,0.09939360953817855,0.09365080924520981,0.09939360953817855,9.999994000000001,2.301586,0.286009,0.09904266014826305,0.06769017758182438,1.1017304753169197,0.9287262554431523,1.003847735703214,1.1614665784161233,1.8714995544906325,0.42461532259122303,1.850397955085314,0.4356134895633949
90.543133,0.000352,0.000352,0.0066175999999999995,0.0066175999999999995,80.899133,2.537381837762768,2.534741837762768,0.26571206759304056,0.2651840675930406,2.3170594946262173,2.312037854551772,0.3325418946262171,0.33596825455177204,9.643999999999991,0.0481596070458687,0.0036852022111213286,0.09365080924520981,0.09939360953817855,0.09365080924520981,0.09939360953817855,9.999994000000001,2.301586,0.286009,0.10191789487770614,0.06892090808331211,1.1024492839992805,0.9290339380685242,1.006722970432657,1.1626973089176111,1.8847232234512994,0.42278229476252827,1.8636216240459809,0.43378046173469903
93.818696,0.0,0.000352,0.0,0.00176,90.891412,2.32951444187267,2.32907444187267,0.29664512297614987,0.2965571229761499,2.3023572822960374,2.3027613672139626,0.2853722822960375,0.28718436721396284,2.927284,0.012520567129880955,0.0048045095618326926,-0.003374986215971265,0.004012114003755368,-0.003374986215971265,0.004012114003755368,9.992278999999996,2.437785,0.29230500000000004,0.09694571096302593,0.0686406322163494,0.9555865024490142,1.0148479258861458,0.9444464061826772,0.9762825894050305,0.7949438551482009,0.6893460889691571,0.7981744221861395,0.6753689606337098
93.818696,0.000352,0.000352,0.0066175999999999995,0.0066175999999999995,90.891412,2.3311688418726697,2.33072884187267,0.2967331229761499,0.29664512297614987,2.3089748822960376,2.3093789672139624,0.28572428229603747,0.28753636721396286,2.927284,0.012520567129880955,0.0048045095618326926,-0.003374986215971265,0.004012114003755368,-0.003374986215971265,0.004012114003755368,9.992278999999996,2.437785,0.29230500000000004,0.09966030638468945,0.0698448538341801,0.95626515130443,1.0151489812906036,0.9471610016043407,0.9774868110228612,0.78279692308556,0.7033232173046132,0.7860274901234955,0.6893460889691571
94.527081,0.0,0.000352,0.0,0.00176,90.891412,2.3382608783323953,2.3373808783323953,0.299373704855619,0.299197704855619,2.3104956185994774,2.30966339896157,0.28583701859947724,0.2878207989615702,3.635668999999993,0.012520567129880955,0.0048045095618326926,-0.003374986215971265,0.004012114003755368,-0.003374986215971265,0.004012114003755368,9.992278999999996,2.458734,0.295184,0.0995269923464678,0.07035611686270266,0.9510019702547714,1.0141935364234478,0.9397094677990694,0.9683350676170702,0.7666220484358993,0.45664358099389496,0.7722218651691698,0.437461019685992
94.527081,0.000352,0.000352,0.0066175999999999995,0.0066175999999999995,90.891412,2.3399152783323953,2.3390352783323953,0.299461704855619,0.299285704855619,2.317113218599477,2.3162809989615702,0.28618901859947726,0.28817279896157016,3.635668999999993,0.012520567129880955,0.0048045095618326926,-0.003374986215971265,0.004012114003755368,-0.003374986215971265,0.004012114003755368,9.992278999999996,2.458734,0.295184,0.10221845876780496,0.07154859341969762,0.9516748368601057,1.0144916555626966,0.9424009342204065,0.9695275441740652,0.7560943929773504,0.46623486164784944,0.7616942097106209,0.4470523003399465
96.736393,0.0,0.000352,0.0,0.00176,90.891412,2.361101657737534,2.359781657737534,0.30751070032742284,0.30724670032742285,2.3181270026914964,2.3171680850421192,0.2857948026914967,0.28905988504211944,5.844981000000004,0.012520567129880955,0.0048045095618326926,-0.003374986215971265,0.004012114003755368,-0.003374986215971265,0.004012114003755368,9.992278999999996,2.4755580000000004,0.298066,0.10223472849353564,0.07203773660867063,0.9537654370196673,1.0316866074205808,0.936405853828307,0.9588306035961723,0.6579009395906593,0.7833375074581448,0.6654883674526128,0.7614415134297806
96.736393,0.000352,0.000352,0.0066175999999999995,0.0066175999999999995,90.891412,2.362756057737534,2.361436057737534,0.3075987003274228,0.3073347003274228,2.3247446026914966,2.323785685042119,0.2861468026914967,0.28941188504211945,5.844981000000004,0.012520567129880955,0.0048045095618326926,-0.003374986215971265,0.004012114003755368,-0.003374986215971265,0.004012114003755368,9.992278999999996,2.4755580000000004,0.298066,0.10490790359183672,0.07321868311045213,0.9544337307942425,1.031981844046026,0.9390790289266082,0.9600115500979539,0.648391363337009,0.7906361721342646,0.6559787911989624,0.7687401781059005
99.824054,0.0,0.000352,0.0,0.00176,90.891412,2.392190507856146,2.390430507856146,0.31881272292607127,0.31846072292607125,2.3254617161473368,2.325025447056065,0.2854559161473368,0.29065164705606533,8.932642000000001,0.012520567129880955,0.0048045095618326926,-0.003374986215971265,0.004012114003755368,-0.003374986215971265,0.004012114003755368,9.992278999999996,2.507191,0.30385700000000004,0.10428627097018142,0.0729816986279731,0.9541317386095218,1.049219609638979,0.9275167772009937,0.9394416325684014,0.5593273127786492,0.8379495140111608,0.5678874158889821,0.8182274162971303
99.824054,0.000352,0.000352,0.0066175999999999995,0.0066175999999999995,90.891412,2.3938449078561455,2.3920849078561455,0.31890072292607125,0.3185487229260713,2.3320793161473365,2.3316430470560654,0.28580791614733675,0.29100364705606535,8.932642000000001,0.012520567129880955,0.0048045095618326926,-0.003374986215971265,0.004012114003755368,-0.003374986215971265,0.004012114003755368,9.992278999999996,2.507191,0.30385700000000004,0.10692571886226462,0.07414013828873459,0.9547916005825425,1.0495092195541693,0.9301562250930768,0.9406000722291628,0.5512808158549383,0.842880038439667,0.559840918965271,0.8231579407256394
102.428686,0.0,0.000352,0.0,0.00176,100.899154,2.5524100466495843,2.551970046649584,0.3088442906004171,0.30875629060041715,2.530025635934688,2.5296503696008794,0.308813635934688,0.3098463696008796,1.5295320000000032,0.022446122212183357,0.0020392212349199246,0.013378071801234945,0.022438396966029887,0.013378071801234945,0.022438396966029887,10.007741999999993,2.578293,0.312368,0.10465963333104504,0.07324693950724796,0.9899612055920659,0.9887193649811029,0.981279333238964,0.9886212285979615,0.4970608647721565,0.5921205510977755,0.5055107034570585,0.6069079817816904
102.428686,0.000352,0.000352,0.0066175999999999995,0.0066175999999999995,100.899154,2.554064446649584,2.553624446649584,0.30893229060041716,0.3088442906004171,2.5366432359346884,2.536267969600879,0.309165635934688,0.3101983696008796,1.5295320000000032,0.022446122212183357,0.0020392212349199246,0.013378071801234945,0.022438396966029887,0.013378071801234945,0.022438396966029887,10.007741999999993,2.578293,0.312368,0.107226292744851,0.07437381549966716,0.9906028704455172,0.9890010839792078,0.9838459926527701,0.9897481045903807,0.46528947131694803,0.5773331204138513,0.47373931000184155,0.5921205510977755
104.793816,0.0,0.000352,0.0,0.00176,100.899154,2.5943204444203602,2.5934404444203603,0.31263755808992677,0.31246155808992676,2.5415648760888065,2.5415708367027956,0.3126792760888062,0.31550123670279595,3.894662000000011,0.022446122212183357,0.0020392212349199246,0.013378071801234945,0.022438396966029887,0.013378071801234945,0.022438396966029887,10.007741999999993,2.5992439999999997,0.31797654163011824,0.10703912368365576,0.07416899334490464,0.9981057739944232,0.983209504975364,0.9778092691908905,0.9833407033293858,0.06742472343836109,0.4618681009185357,0.07947572106924446,0.4770936181260211
104.793816,0.000352,0.000352,0.0066175999999999995,0.0066175999999999995,100.899154,2.5959748444203603,2.5950948444203603,0.3127255580899268,0.3125495580899268,2.5481824760888063,2.548188436702796,0.3130312760888062,0.3158532367027959,3.894662000000011,0.022446122212183357,0.0020392212349199246,0.013378071801234945,0.022438396966029887,0.013378071801234945,0.022438396966029887,10.007741999999993,2.5992439999999997,0.31797654163011824,0.109585094742933,0.07527599324557487,0.9987422667592426,0.9834862549505317,0.9803552402501676,0.984447703230056,0.044768847892299374,0.45425534231479053,0.05681984552318275,0.469480859522276
106.971701,0.0,0.000352,0.0,0.00176,100.899154,2.6330786490759204,2.6317586490759206,0.31614445009433695,0.31588045009433696,2.5528538123227773,2.553071481067485,0.31629461232277706,0.3207362810674849,6.072547,0.022446122212183357,0.0020392212349199246,0.013378071801234945,0.022438396966029887,0.013378071801234945,0.022438396966029887,10.007741999999993,2.618277,0.322673,0.10946068731459661,0.07527124984117059,1.005653202115712,0.9797672879179137,0.9750128853145703,0.9802326575907407,0.16078961801425679,0.4016086310078151,0.1464505200738752,0.41784878848812923
106.971701,0.000352,0.000352,0.0066175999999999995,0.0066175999999999995,100.899154,2.6347330490759204,2.6334130490759207,0.3162324500943369,0.31596845009433694,2.5594714123227775,2.559689081067485,0.3166466123227771,0.32108828106748494,6.072547,0.022446122212183357,0.0020392212349199246,0.013378071801234945,0.022438396966029887,0.013378071801234945,0.022438396966029887,10.007741999999993,2.618277,0.322673,0.1119881509863166,0.07636213752002813,1.0062850680336421,0.980040009837628,0.9775403489862904,0.9813235452695983,0.17876128743287217,0.3961952451810449,0.16442218949249057,0.412435402661359
108.576394,0.0,0.000352,0.0,0.00176,100.899154,2.662187400469197,2.6604274004691972,0.3187746931251825,0.31842269312518245,2.563376521396626,2.5632869694365703,0.31914372139662606,0.3246861694365705,7.677239999999998,0.022446122212183357,0.0020392212349199246,0.013378071801234945,0.022438396966029887,0.013378071801234945,0.022438396966029887,10.007741999999993,2.637312,0.329723,0.11184721413317805,0.07579695683952906,1.0094321037742964,0.9667954407947958,0.9719655927689352,0.9679146477395452,0.223919133585953,0.46976344610046844,0.20807626602692497,0.48486685294849124
108.576394,0.000352,0.000352,0.0066175999999999995,0.0066175999999999995,100.899154,2.6638418004691973,2.662081800469197,0.31886269312518245,0.3185106931251825,2.569994121396626,2.5699045694365705,0.319495721396626,0.32503816943657055,7.677239999999998,0.022446122212183357,0.0020392212349199246,0.013378071801234945,0.022438396966029887,0.013378071801234945,0.022438396966029887,10.007741999999993,2.637312,0.329723,0.11435643564356437,0.07686451961191679,1.010059409151893,0.9670623314878928,0.9744748142793215,0.9689822105119328,0.23881142909144001,0.465987594388464,0.22296856153240796,0.48109100123648435
109.184522,0.0,0.000352,0.0,0.00176,100.899154,2.674519387025685,2.6723193870256847,0.3198807737735445,0.3194407737735445,2.5725670500321107,2.5712680555726197,0.3206606500321106,0.32640165557261985,8.285368000000005,0.022446122212183357,0.0020392212349199246,0.013378071801234945,0.022438396966029887,0.013378071801234945,0.022438396966029887,10.007741999999993,2.637312,0.329723,0.11502378178994371,0.07793208238430453,1.0141080717888837,0.9701500161455056,0.9754504017848895,0.9725152629088981,0.334927105037175,0.4223043948534917,0.31512352058838794,0.441183653413519
109.184522,0.000352,0.000352,0.0066175999999999995,0.0066175999999999995,100.899154,2.676173787025685,2.673973787025685,0.3199687737735445,0.3195287737735445,2.579184650032111,2.5778856555726195,0.3210126500321106,0.3267536555726198,8.285368000000005,0.022446122212183357,0.0020392212349199246,0.013378071801234945,0.022438396966029887,0.013378071801234945,0.022438396966029887,10.007741999999993,2.637312,0.329723,0.11753300330033005,0.07899964515669226,1.0147353771664804,0.9704169068386024,0.977959623295276,0.9735828256812858,0.349819400542662,0.4185285431414872,0.3300158160938749,0.4374078017015145
111.802748,0.0,0.000352,0.0,0.00176,110.899145,2.6534768735565613,2.653036873556561,0.3532519831207847,0.35316398312078473,2.6447840769829796,2.6440058645625797,0.3485850769829794,0.34921486456257955,0.9036029999999897,0.011876710689039617,0.004378003940203541,-0.021734337419086352,-0.010869093545490129,-0.021734337419086352,-0.010869093545490129,9.999991000000009,2.655992,0.3570291704662955,0.11736902821996453,0.07394353790621787,0.9990530368903827,0.9894205077400885,0.9957801367560518,0.9763490095997261,0.22856474404204843,0.5528532058947339,0.26855020387485706,0.56573344657873
111.802748,0.000352,0.000352,0.0066175999999999995,0.0066175999999999995,110.899145,2.655131273556561,2.654691273556561,0.35333998312078474,0.3532519831207847,2.65140167698298,2.6506234645625795,0.3489370769829794,0.34956686456257957,0.9036029999999897,0.011876710689039617,0.004378003940203541,-0.021734337419086352,-0.010869093545490129,-0.021734337419086352,-0.010869093545490129,9.999991000000009,2.655992,0.3570291704662955,0.11986060198976504,0.07492945174496744,0.9996759303328326,0.989666986199776,0.9982717105258524,0.9773349234384756,0.0782194150707977,0.5399729652107296,0.11820487490356599,0.5528532058947339
113.032076,0.0,0.000352,0.0,0.00176,110.899145,2.6665215533050133,2.6656415533050133,0.35746448524163665,0.35728848524163664,2.650489811623228,2.649287295257018,0.3466172116232275,0.34823069525701816,2.1329309999999992,0.011876710689039617,0.004378003940203541,-0.021734337419086352,-0.010869093545490129,-0.021734337419086352,-0.010869093545490129,9.999991000000009,2.679436,0.371648,0.11946872401505393,0.07292922335112809,0.9951801622822912,0.9618361601344193,0.9891969099553891,0.9326492046862287,0.37489685017959584,0.6612052938493929,0.4004426002957128,0.6694100395488944
113.032076,0.000352,0.000352,0.0066175999999999995,0.0066175999999999995,110.899145,2.6681759533050133,2.6672959533050133,0.3575524852416367,0.3573764852416367,2.657107411623228,2.6559048952570183,0.3469692116232275,0.3485826952570181,2.1329309999999992,0.011876710689039617,0.004378003940203541,-0.021734337419086352,-0.010869093545490129,-0.021734337419086352,-0.010869093545490129,9.999991000000009,2.679436,0.371648,0.12193849750469876,0.07387635612192196,0.9957976056547024,0.9620729433271179,0.991666683445034,0.9335963374570226,0.3268708399612939,0.6571029209996407,0.3524165900774109,0.6653076666991424
114.494344,0.0,0.000352,0.0,0.00176,110.899145,2.681641153794393,2.6803211537943934,0.3624418465408618,0.3621778465408618,2.6556892661519833,2.654315541058542,0.3441430661519833,0.3469933410585417,3.595198999999994,0.011876710689039617,0.004378003940203541,-0.021734337419086352,-0.010869093545490129,-0.021734337419086352,-0.010869093545490129,9.999991000000009,2.698468,0.374207,0.1217307005308197,0.07431181137712563,0.9937642965543386,0.9685597718398153,0.9841470294077911,0.9196596166078755,0.314638111548372,0.4900105563989248,0.3393202357069316,0.5010059749745177
114.494344,0.000352,0.000352,0.0066175999999999995,0.0066175999999999995,110.899145,2.683295553794393,2.6819755537943935,0.3625298465408618,0.3622658465408618,2.6623068661519835,2.6609331410585417,0.34449506615198333,0.3473453410585417,3.595198999999994,0.011876710689039617,0.004378003940203541,-0.021734337419086352,-0.010869093545490129,-0.021734337419086352,-0.010869093545490129,9.999991000000009,2.698468,0.374207,0.12418305497786152,0.07525246721734241,0.9943773851660991,0.9687949357998695,0.986599383854833,0.9206002724480924,0.2837031826029708,0.48634541687372795,0.3083853067615304,0.49734083544932084
116.85461,0.0,0.000352,0.0,0.00176,110.899145,2.704759701117776,2.702999701117776,0.37036778692680816,0.37001578692680814,2.658936979770806,2.65836774355506,0.3397171797708059,0.34477994355506,5.95546499999999,0.011876710689039617,0.004378003940203541,-0.021734337419086352,-0.010869093545490129,-0.021734337419086352,-0.010869093545490129,9.999991000000009,2.7175,0.376766,0.1239609935602576,0.07567561828827457,0.99531175754104,0.9830180720309374,0.9784496705688339,0.9016662325443535,0.17569917920101347,0.2408149750909641,0.19997102386120752,0.25406349780540644
116.85461,0.000352,0.000352,0.0066175999999999995,0.0066175999999999995,110.899145,2.706414101117776,2.7046541011177756,0.37045578692680814,0.3701037869268082,2.665554579770806,2.66498534355506,0.34006917977080586,0.34513194355506,5.95546499999999,0.011876710689039617,0.004378003940203541,-0.021734337419086352,-0.010869093545490129,-0.021734337419086352,-0.010869093545490129,9.999991000000009,2.7175,0.376766,0.1263961729530819,0.0766098851807224,0.995920552389246,0.9832516387540493,0.9808848499616581,0.9026004994368013,0.15288364522043008,0.23750284441235456,0.17715548988063023,0.2507513671267948
118.486076,0.0,0.000352,0.0,0.00176,110.899145,2.72138643837853,2.7191864383785296,0.37590071035903927,0.3754607103590393,2.6637686933263316,2.6632120863021,0.33687529332633137,0.3433586863020998,7.586930999999993,0.011876710689039617,0.004378003940203541,-0.021734337419086352,-0.010869093545490129,-0.021734337419086352,-0.010869093545490129,9.999991000000009,2.736533,0.379326,0.12616021805693553,0.0770208211406549,0.9944650542779969,0.9909700636366588,0.9734100386607183,0.8880891194548525,0.1654548213607551,0.11759036152839868,0.1894867182420725,0.13269558312886542
118.486076,0.000352,0.000352,0.0066175999999999995,0.0066175999999999995,110.899145,2.7230408383785294,2.720840838378529,0.37598871035903925,0.37554871035903925,2.670386293326332,2.6698296863020996,0.3372272933263314,0.3437106863020998,7.586930999999993,0.011876710689039617,0.004378003940203541,-0.021734337419086352,-0.010869093545490129,-0.021734337419086352,-0.010869093545490129,9.999991000000009,2.736533,0.379326,0.12857846040957663,0.07794878284114472,0.9950696148661571,0.9912020540617813,0.9758282810133595,0.8890170811553424,0.14738283490601028,0.1145693172083061,0.17141473178732772,0.12967453880877283
120.720112,0.0,0.000352,0.0,0.00176,110.899145,2.743380587809204,2.7407405878092037,0.3834121741669567,0.3828841741669567,2.6672907597333126,2.667401489489923,0.33272375973331253,0.34128248948992335,9.820966999999996,0.011876710689039617,0.004378003940203541,-0.021734337419086352,-0.010869093545490129,-0.021734337419086352,-0.010869093545490129,9.999991000000009,2.771012,0.38515,0.12761373822993188,0.07768401921329368,0.9900284039943545,0.9954879246188673,0.9625691840141121,0.8638809807433793,0.21925515926169417,0.04971893208145999,0.2402035500444056,0.06482493156648354
120.720112,0.000352,0.000352,0.0066175999999999995,0.0066175999999999995,110.899145,2.7450349878092037,2.742394987809204,0.3835001741669567,0.38297217416695667,2.6739083597333124,2.6740190894899234,0.33307575973331255,0.34163448948992337,9.820966999999996,0.011876710689039617,0.004378003940203541,-0.021734337419086352,-0.010869093545490129,-0.021734337419086352,-0.010869093545490129,9.999991000000009,2.771012,0.38515,0.13000189100588522,0.07859794885109714,0.9906254421883427,0.9957164070283181,0.9649573367900653,0.8647949103811828,0.20612750103786684,0.04720126550062353,0.22707589182057122,0.06230726498564708
124.233713,0.0,0.000352,0.0,0.00176,120.899141,2.802969720236688,2.802529720236688,0.39397950063030024,0.39389150063030026,2.762908873380245,2.7654434480036296,0.37563887338024526,0.37958144800363,3.3345719999999943,0.012602405040961991,0.003495301398120562,-0.029578376698731076,-0.01669944379353401,-0.029578376698731076,-0.01669944379353401,9.999995999999996,2.873524698951341,0.39793328639630443,0.12597657508637614,0.07695762341806565,0.975446538273918,0.9900641994495867,0.9615051766872009,0.9439744957805415,0.6882559861987694,0.30929337288001346,0.6925481373615153,0.316177361650336
124.233713,0.000352,0.000352,0.0066175999999999995,0.0066175999999999995,120.899141,2.8046241202366877,2.804184120236688,0.39406750063030027,0.39397950063030024,2.769526473380245,2.7720610480036294,0.3759908733802452,0.37993344800363,3.3345719999999943,0.012602405040961991,0.003495301398120562,-0.029578376698731076,-0.01669944379353401,-0.029578376698731076,-0.01669944379353401,9.999995999999996,2.873524698951341,0.39793328639630443,0.12827953075695553,0.07784219380218135,0.9760222771915628,0.9902853420456157,0.9638081323577804,0.9448590661646571,0.6721174978268567,0.30240938410968654,0.6764096489895982,0.30929337288001346
125.638575,0.0,0.000352,0.0,0.00176,120.899141,2.81834260019968,2.81746260019968,0.3978383127148751,0.39766231271487507,2.7671311179735296,2.7697150056645454,0.3721875179735298,0.37758740566454585,4.739434000000003,0.012602405040961991,0.003495301398120562,-0.029578376698731076,-0.01669944379353401,-0.029578376698731076,-0.01669944379353401,9.999995999999996,2.978279,0.400975,0.12435853054733956,0.0781295591994515,0.9462990539837537,0.9921773494977868,0.9291040624379144,0.9282062920968384,0.7716443032432553,0.19821088689573105,0.775890034594604,0.20933252986571582
125.638575,0.000352,0.000352,0.0066175999999999995,0.0066175999999999995,120.899141,2.81999700019968,2.81911700019968,0.3979263127148751,0.3977503127148751,2.7737487179735294,2.7763326056645456,0.3725395179735298,0.3779394056645458,4.739434000000003,0.012602405040961991,0.003495301398120562,-0.029578376698731076,-0.01669944379353401,-0.029578376698731076,-0.01669944379353401,9.999995999999996,2.978279,0.400975,0.12658048490420137,0.07900741941517565,0.9468545425729692,0.9923968145517179,0.9313260167947762,0.9290841523125626,0.7636623283027194,0.1926500654107369,0.7679080596540682,0.2037717083807217
126.85913,0.0,0.000352,0.0,0.00176,120.899141,2.831973446563258,2.8306534465632582,0.4012139684133623,0.40094996841336233,2.7718985129722955,2.7742943458873,0.3692813129722958,0.3759011458873002,5.959988999999993,0.012602405040961991,0.003495301398120562,-0.029578376698731076,-0.01669944379353401,-0.029578376698731076,-0.01669944379353401,9.999995999999996,2.999227,0.403535,0.12628320563931972,0.07937849257189603,0.9442344465968259,0.9942482521054242,0.9242043076340323,0.9151159452644649,0.7328771265549672,0.12624593889788732,0.7386611460103043,0.14060547112524585
126.85913,0.000352,0.000352,0.0066175999999999995,0.0066175999999999995,120.899141,2.833627846563258,2.8323078465632583,0.4013019684133623,0.4010379684133623,2.7785161129722957,2.7809119458872997,0.36963331297229585,0.37625314588730024,5.959988999999993,0.012602405040961991,0.003495301398120562,-0.029578376698731076,-0.01669944379353401,-0.029578376698731076,-0.01669944379353401,9.999995999999996,2.999227,0.403535,0.12848964083078737,0.0802507836990597,0.9447860553946927,0.9944663248872151,0.9264107428255,0.9159882363916286,0.725627822170943,0.12145942815543548,0.7314118416262801,0.135818960382794
128.413102,0.0,0.000352,0.0,0.00176,120.899141,2.848755684987994,2.846995684987994,0.40546366879154255,0.40511166879154253,2.775679714214208,2.778316898042208,0.36538891421420827,0.3736580980422085,7.513961000000009,0.012602405040961991,0.003495301398120562,-0.029578376698731076,-0.01669944379353401,-0.029578376698731076,-0.01669944379353401,9.999995999999996,3.0071011746316922,0.4083074284944302,0.12873846855100088,0.08017488224671528,0.9473428127462016,0.9930352486767787,0.923041678022081,0.8948867659878802,0.67070203405439,0.12280118682312315,0.678156844308802,0.13800149285385024
128.413102,0.000352,0.000352,0.0066175999999999995,0.0066175999999999995,120.899141,2.850410084987994,2.8486500849879937,0.40555166879154253,0.40519966879154257,2.782297314214208,2.784934498042208,0.36574091421420823,0.3740100980422085,7.513961000000009,0.012602405040961991,0.003495301398120562,-0.029578376698731076,-0.01669944379353401,-0.029578376698731076,-0.01669944379353401,9.999995999999996,3.0071011746316922,0.4083074284944302,0.13093912613306927,0.08103697775474446,0.9478929771417187,0.993250772553786,0.9252423356041493,0.8957488614959093,0.6636945124152426,0.11900111031544257,0.6711493226696563,0.13420141634616728
132.43565,0.0,0.000352,0.0,0.00176,130.899148,3.0676635593653088,3.0672235593653085,0.439538779918454,0.43945077991845405,3.0377580948446705,3.0382766027462176,0.4335739717028325,0.4355004796043796,1.536502000000013,0.026560381407733043,0.004868984277527225,-0.004021508516508638,0.01080769116238917,-0.004021508516508638,0.01080769116238917,10.000006999999997,3.0572150000000002,0.44551499999999994,0.12936846116481826,0.07505920114923191,1.003417672412738,0.9865858162316736,0.9936357419562152,0.9731972474615503,0.5072362427937472,0.5118764066933174,0.48587598258693077,0.5194138004262048
132.43565,0.000352,0.000352,0.0066175999999999995,0.0066175999999999995,130.899148,3.0693179593653084,3.0688779593653086,0.43962677991845406,0.439538779918454,3.0443756948446707,3.0448942027462174,0.4339259717028325,0.4358524796043796,1.536502000000013,0.026560381407733043,0.004868984277527225,-0.004021508516508638,0.01080769116238917,-0.004021508516508638,0.01080769116238917,10.000006999999997,3.0572150000000002,0.44551499999999994,0.13153304559869028,0.07584929800343436,1.0039588185212058,0.9867833404452243,0.9958003263900872,0.9739873443157526,0.5875508211713185,0.5043390129604252,0.5661905609645237,0.5118764066933174
143.484071,0.0,0.000352,0.0,0.00176,140.89914,3.168724338494846,3.168284338494846,0.4801594449827426,0.4800714449827426,3.135640661235929,3.1381204425423923,0.4598936612359293,0.46378144254239234,2.5849310000000116,0.01102870882296707,0.0038724154121161205,-0.05037785668630872,-0.03397595692713541,-0.05037785668630872,-0.03397595692713541,9.999991999999992,3.185218,0.488785,0.12679973552830603,0.06985484415438291,0.9948218107818196,0.9823530693101109,0.9844351819046386,0.9408915192486047,0.4304753100653506,0.5317523591182685,0.4419590631646647,0.5371774253903834
143.484071,0.000352,0.000352,0.0066175999999999995,0.0066175999999999995,140.89914,3.1703787384948456,3.169938738494846,0.48024744498274263,0.4801594449827426,3.1422582612359293,3.144738042542392,0.46024566123592925,0.46413344254239236,2.5849310000000116,0.01102870882296707,0.0038724154121161205,-0.05037785668630872,-0.03397595692713541,-0.05037785668630872,-0.03397595692713541,9.999991999999992,3.185218,0.488785,0.12887733272887442,0.07057499718690231,0.9953412100819616,0.9825331075682409,0.9865127791052071,0.9416116722811241,0.3872963984119612,0.5263272928461501,0.39878015151126367,0.5317523591182685
144.77018,0.0,0.000352,0.0,0.00176,140.89914,3.181456829751544,3.180576829751544,0.4840707062176886,0.4838947062176886,3.137539114564115,3.1403683606478863,0.45411851456411473,0.45976376064788665,3.871040000000022,0.01102870882296707,0.0038724154121161205,-0.05037785668630872,-0.03397595692713541,-0.05037785668630872,-0.03397595692713541,9.999991999999992,3.20617,0.49134300000000003,0.1285840738326414,0.07092397775077704,0.9922919962920069,0.9851991505276122,0.978594121510748,0.9242393085158732,0.41698027989363234,0.3872567113430655,0.43182834036573303,0.3966288823851875
144.77018,0.000352,0.000352,0.0066175999999999995,0.0066175999999999995,140.89914,3.1831112297515443,3.1822312297515443,0.48415870621768864,0.48398270621768863,3.1441567145641147,3.1469859606478865,0.45447051456411475,0.4601157606478866,3.871040000000022,0.01102870882296707,0.0038724154121161205,-0.05037785668630872,-0.03397595692713541,-0.05037785668630872,-0.03397595692713541,9.999991999999992,3.20617,0.49134300000000003,0.13064809414347955,0.07164038156644145,0.9928080013697166,0.9853782514815284,0.9806581418215861,0.9249557123315377,0.38906592620608194,0.382570625822003,0.40391398667818257,0.39194279686412503
145.685652,0.0,0.000352,0.0,0.00176,140.89914,3.1911235853442284,3.1898035853442286,0.48690552212930915,0.48664152212930917,3.1413047591529173,3.143875554435562,0.4502105591529176,0.45700535443556184,4.786512000000016,0.01102870882296707,0.0038724154121161205,-0.05037785668630872,-0.03397595692713541,-0.05037785668630872,-0.03397595692713541,9.999991999999992,3.20617,0.49134300000000003,0.13119703571551097,0.07235678538210585,0.995307044025809,0.9909686759133826,0.9797686208631847,0.916285688720339,0.25387508488318605,0.23630000908945514,0.2761471755913333,0.2503582656526367
145.685652,0.000352,0.000352,0.0066175999999999995,0.0066175999999999995,140.89914,3.1927779853442284,3.1914579853442286,0.48699352212930913,0.48672952212930914,3.1479223591529175,3.1504931544355617,0.4505625591529176,0.45735735443556186,4.786512000000016,0.01102870882296707,0.0038724154121161205,-0.05037785668630872,-0.03397595692713541,-0.05037785668630872,-0.03397595692713541,9.999991999999992,3.20617,0.49134300000000003,0.13326105602634913,0.07307318919777027,0.9958230491035186,0.9911477768672986,0.981832641174023,0.9170020925360035,0.22596073119563564,0.2316139235683956,0.24823282190378287,0.24567218013157716
147.5084,0.0,0.000352,0.0,0.00176,140.89914,3.208294903056463,3.206534903056463,0.492375350215012,0.492023350215012,3.140499738054895,3.144300188727487,0.4417319380548952,0.4511643887274871,6.609260000000006,0.01102870882296707,0.0038724154121161205,-0.05037785668630872,-0.03397595692713541,-0.05037785668630872,-0.03397595692713541,9.999991999999992,3.251873,0.49390200000000006,0.13192938346608243,0.0734072751274545,0.9865990778411282,0.9969090026260512,0.9657510419548658,0.8943716325402512,0.41514810844562217,0.07154605797113431,0.4319148036918829,0.08804244938551328
147.5084,0.000352,0.000352,0.0066175999999999995,0.0066175999999999995,140.89914,3.209949303056463,3.2081893030564625,0.492463350215012,0.492111350215012,3.147117338054895,3.150917788727487,0.44208393805489515,0.4515163887274871,6.609260000000006,0.01102870882296707,0.0038724154121161205,-0.05037785668630872,-0.03397595692713541,-0.05037785668630872,-0.03397595692713541,9.999991999999992,3.251873,0.49390200000000006,0.13396439528849985,0.07411996711898318,0.9871078307967326,0.9970871756239333,0.9677860537772831,0.8950843245317798,0.39938741491413643,0.06742196011754087,0.4161541101604014,0.08391835153191723
149.573955,0.0,0.000352,0.0,0.00176,140.89914,3.2274746065460804,3.2252746065460802,0.4985503654774422,0.4981103654774422,3.138471506353461,3.143899862342083,0.43203010635346084,0.444498462342083,8.674815000000024,0.01102870882296707,0.0038724154121161205,-0.05037785668630872,-0.03397595692713541,-0.05037785668630872,-0.03397595692713541,9.999991999999992,3.2889440000000003,0.496783,0.1329895553101542,0.0743986811142894,0.9813102948989342,1.0035576206863805,0.9542489949216103,0.869655576687328,0.43275810120964897,0.07297433739800249,0.4482465869285625,0.05480678299856415
149.573955,0.000352,0.000352,0.0066175999999999995,0.0066175999999999995,140.89914,3.2291290065460805,3.2269290065460803,0.49863836547744217,0.4981983654774422,3.145089106353461,3.1505174623420826,0.43238210635346086,0.444850462342083,8.674815000000024,0.01102870882296707,0.0038724154121161205,-0.05037785668630872,-0.03397595692713541,-0.05037785668630872,-0.03397595692713541,9.999991999999992,3.2889440000000003,0.496783,0.13500162970242113,0.07510723998204455,0.981813313497001,1.0037347604033193,0.9562610693138773,0.8703641355550832,0.4211107599490267,0.07660784827788925,0.43659924566794023,0.05844029387845091
150.729313,0.0,0.000352,0.0,0.00176,140.89914,3.2391255867722943,3.2364855867722944,0.5020818850717259,0.5015538850717258,3.1410286557225624,3.146592019837387,0.4269136557225624,0.4409250198373869,9.830173000000002,0.01102870882296707,0.0038724154121161205,-0.05037785668630872,-0.03397595692713541,-0.05037785668630872,-0.03397595692713541,9.999991999999992,3.298539,0.507311,0.13514249793620747,0.0742424272290568,0.9819879609646254,0.9896924866043235,0.9522484517304669,0.8415225684492598,0.39181601484941303,0.15049111947143812,0.4092261285427311,0.1656866759223572
150.729313,0.000352,0.000352,0.0066175999999999995,0.0066175999999999995,140.89914,3.2407799867722944,3.2381399867722944,0.5021698850717259,0.5016418850717258,3.147646255722562,3.153209619837387,0.4272656557225624,0.44127701983738693,9.830173000000002,0.01102870882296707,0.0038724154121161205,-0.05037785668630872,-0.03397595692713541,-0.05037785668630872,-0.03397595692713541,9.999991999999992,3.298539,0.507311,0.13714871947853272,0.07493628168914143,0.9824895163502068,0.9898659502193446,0.9542546732727921,0.8422164229093445,0.3809056769349332,0.14795852672961934,0.3983157906282513,0.16315408318053842
152.3982,0.0,0.000352,0.0,0.00176,150.89913,3.3160274904374902,3.31558749043749,0.5151651481165141,0.5150771481165142,3.2929793935154303,3.2939539135203493,0.5038128514190375,0.5061953714239563,1.499069999999989,0.015163615163615113,0.0038216496120103026,-0.0488276008789659,-0.030586176059585867,-0.0488276008789659,-0.030586176059585867,9.999990000000025,3.317854,0.5282319999999999,0.13688076690535503,0.07263475139711345,0.9994494906760485,0.9752630437317584,0.9925028025692,0.9537719248720972,0.09456430559201812,0.7487505580487702,0.1173445282169321,0.7537930923711764
152.3982,0.000352,0.000352,0.0066175999999999995,0.0066175999999999995,150.89913,3.31768189043749,3.31724189043749,0.5152531481165141,0.5151651481165141,3.2995969935154306,3.300571513520349,0.5041648514190376,0.5065473714239563,1.499069999999989,0.015163615163615113,0.0038216496120103026,-0.0488276008789659,-0.030586176059585867,-0.0488276008789659,-0.030586176059585867,9.999990000000025,3.317854,0.5282319999999999,0.1388753091606803,0.07330112526314202,0.9999481262398797,0.9754296371982656,0.9944973448245252,0.9544382987381257,0.008910668522404077,0.7437080237263641,0.03169089114729507,0.7487505580487702
154.245651,0.0,0.000352,0.0,0.00176,150.89913,3.3391324174357173,3.3382524174357173,0.5206363809145328,0.5204603809145327,3.292336324487617,3.2949208617149512,0.4954961823912237,0.5008967196185586,3.3465209999999956,0.015163615163615113,0.0038216496120103026,-0.0488276008789659,-0.030586176059585867,-0.0488276008789659,-0.030586176059585867,9.999990000000025,3.3459774079520694,0.531295220043573,0.13823404751650534,0.07354103429877577,0.9979542627813074,0.9799380104941166,0.9839684860582236,0.9326193116335334,0.14429216349899665,0.5195692280669988,0.16284253308326094,0.5281484160097724
154.245651,0.000352,0.000352,0.0066175999999999995,0.0066175999999999995,150.89913,3.3407868174357174,3.3399068174357174,0.5207243809145328,0.5205483809145327,3.2989539244876167,3.3015384617149515,0.49584818239122375,0.5012487196185587,3.3465209999999956,0.015163615163615113,0.0038216496120103026,-0.0488276008789659,-0.030586176059585867,-0.0488276008789659,-0.030586176059585867,9.999990000000025,3.3459774079520694,0.531295220043573,0.14021182536529553,0.07420356613930529,0.998448707243505,0.9801036434542489,0.9859462639070137,0.933281843474063,0.1094174686805783,0.5152796340956146,0.1279678382648426,0.5238588220383883
156.50604,0.0,0.000352,0.0,0.00176,150.89913,3.366933569122769,3.365613569122769,0.5272911919731645,0.5270271919731645,3.289676976258348,3.2946247892095637,0.4851632341619551,0.49433504711317106,5.606909999999999,0.015163615163615113,0.0038216496120103026,-0.0488276008789659,-0.030586176059585867,-0.0488276008789659,-0.030586176059585867,9.999990000000025,3.36855,0.5370729999999999,0.1397947484822846,0.07406069565962174,0.9995201404529453,0.981786818501702,0.9765854674142727,0.9033469084499783,0.023088241522490272,0.3720373629515785,0.041942421579906464,0.382078233059618
156.50604,0.000352,0.000352,0.0066175999999999995,0.0066175999999999995,150.89913,3.368587969122769,3.367267969122769,0.5273791919731645,0.5271151919731646,3.296294576258348,3.3012423892095635,0.48551523416195513,0.49468704711317096,5.606909999999999,0.015163615163615113,0.0038216496120103026,-0.0488276008789659,-0.030586176059585867,-0.0488276008789659,-0.030586176059585867,9.999990000000025,3.36855,0.5370729999999999,0.14175927327781976,0.07471610004599007,1.000011271651829,0.9819506695982941,0.9785499922098079,0.9040023128363467,0.000542330816143009,0.3686904062489001,0.018311849241273184,0.3787312763569354
158.349809,0.0,0.000352,0.0,0.00176,150.89913,3.3899966217977213,3.3882366217977213,0.5327518712857794,0.5323998712857795,3.2890518855711566,3.295602999245453,0.47686454347476354,0.48904765714906046,7.45067899999998,0.015163615163615113,0.0038216496120103026,-0.0488276008789659,-0.030586176059585867,-0.0488276008789659,-0.030586176059585867,9.999990000000025,3.378243516235068,0.5379777926721717,0.14187349067545724,0.07524474160714542,1.0034790581277433,0.9902859905044875,0.9735982233858286,0.8864019109527652,0.14745846431073792,0.1921482906638548,0.1253769050323488,0.20509073531864347
158.349809,0.000352,0.000352,0.0066175999999999995,0.0066175999999999995,150.89913,3.3916510217977214,3.389891021797721,0.5328398712857795,0.5324878712857795,3.2956694855711564,3.3022205992454534,0.47721654347476355,0.4893996571490605,7.45067899999998,0.015163615163615113,0.0038216496120103026,-0.0488276008789659,-0.030586176059585867,-0.0488276008789659,-0.030586176059585867,9.999990000000025,3.378243516235068,0.5379777926721717,0.14383237847268004,0.07589904370807712,1.003968780077049,0.9904495660297206,0.9755571111830513,0.887056213053697,0.1682151300324246,0.18891267950015356,0.14613357075402988,0.2018551241549463
160.769088,0.0,0.000352,0.0,0.00176,150.89913,3.419604783594783,3.4174047835947827,0.5398620987745505,0.5394220987745505,3.285616714815699,3.2948209425026707,0.4657557727193063,0.4820000004062778,9.869957999999997,0.015163615163615113,0.0038216496120103026,-0.0488276008789659,-0.030586176059585867,-0.0488276008789659,-0.030586176059585867,9.999990000000025,3.3968870000000004,0.5527850000000001,0.14356108990378533,0.07450274519026386,1.0066878243505841,0.9766221926690312,0.9672434540259063,0.8425622488296648,0.2309938544228898,0.30765485303455525,0.20862430954144645,0.3181299106840417
160.769088,0.000352,0.000352,0.0066175999999999995,0.0066175999999999995,150.89913,3.421259183594783,3.419059183594783,0.5399500987745505,0.5395100987745505,3.2922343148156994,3.3014385425026704,0.4661077727193063,0.4823520004062778,9.869957999999997,0.015163615163615113,0.0038216496120103026,-0.0488276008789659,-0.030586176059585867,-0.0488276008789659,-0.030586176059585867,9.999990000000025,3.3968870000000004,0.5527850000000001,0.14550922653594295,0.07513952079018064,1.0071748585086235,0.9767813865690104,0.9691915906580639,0.8431990244295816,0.24781575217373422,0.30555984150465854,0.22544620729229087,0.3160348991541449
163.038686,0.0,0.000352,0.0,0.00176,160.899154,3.413108364109927,3.4126683641099267,0.5624542394263345,0.5623662394263346,3.3833797754652384,3.3859354297851674,0.5403179338702749,0.5442815881902039,2.1395320000000027,0.009834776396536706,0.004445259381520488,-0.07135794732727077,-0.051186878712735855,-0.07135794732727077,-0.051186878712735855,10.000023999999996,3.45119,0.569677,0.14372967005583573,0.07352938595028412,0.988965650720455,0.9873213056281622,0.9803516397141967,0.9484636625145038,0.7012805165473986,0.5000581407777467,0.7093831996404178,0.5061507027475944
163.038686,0.000352,0.000352,0.0066175999999999995,0.0066175999999999995,160.899154,3.4147627641099265,3.4143227641099267,0.5625422394263345,0.5624542394263345,3.3899973754652386,3.392553029785167,0.540669933870275,0.5446335881902039,2.1395320000000027,0.009834776396536706,0.004445259381520488,-0.07135794732727077,-0.051186878712735855,-0.07135794732727077,-0.051186878712735855,10.000023999999996,3.45119,0.569677,0.14564715359050057,0.07414727994986633,0.9894450216041211,0.9874757791280577,0.9822691232488616,0.949081556514086,0.6708144281176688,0.4939655788078989,0.6789171112106798,0.5000581407777467
164.383202,0.0,0.000352,0.0,0.00176,160.899154,3.4251200247761013,3.4242400247761013,0.5671127811982879,0.5669367811982878,3.3821632083003723,3.3856708885603726,0.5314277667054088,0.5377514469654096,3.4840480000000014,0.009834776396536706,0.004445259381520488,-0.07135794732727077,-0.051186878712735855,-0.07135794732727077,-0.051186878712735855,10.000023999999996,3.461104,0.577171,0.14573846957502565,0.07379442141063915,0.9896033244814664,0.9825732429354349,0.977192019742941,0.9207457871331179,0.5603496772489993,0.4584871651193583,0.5740532136957345,0.46650983221895465
164.383202,0.000352,0.000352,0.0066175999999999995,0.0066175999999999995,160.899154,3.4267744247761014,3.4258944247761014,0.5672007811982879,0.5670247811982878,3.388780808300372,3.392288488560373,0.5317797667054088,0.5381034469654096,3.4840480000000014,0.009834776396536706,0.004445259381520488,-0.07135794732727077,-0.051186878712735855,-0.07135794732727077,-0.051186878712735855,10.000023999999996,3.461104,0.577171,0.14765046066226256,0.07440429266196674,0.9900813222532756,0.9827257107482668,0.9791040108301778,0.9213556583844456,0.534587028729136,0.45447583156956267,0.5482905651758712,0.462498498669159
166.532193,0.0,0.000352,0.0,0.00176,160.899154,3.4430655592484785,3.4417455592484787,0.5744533980009526,0.5741893980009526,3.375206086445227,3.3812885007931675,0.5167970448502633,0.5271034591982041,5.633038999999997,0.009834776396536706,0.004445259381520488,-0.07135794732727077,-0.051186878712735855,-0.07135794732727077,-0.051186878712735855,10.000023999999996,3.488675,0.5800489999999999,0.14698806853604868,0.07464196990254272,0.98692642887299,0.9903532253326058,0.9674750690291376,0.8909541174112245,0.4968998207992532,0.2254850788612019,0.5112807856312549,0.2361234446401658
166.532193,0.000352,0.000352,0.0066175999999999995,0.0066175999999999995,160.899154,3.4447199592484785,3.4433999592484787,0.5745413980009526,0.5742773980009527,3.381823686445227,3.3879061007931672,0.5171490448502634,0.527455459198204,5.633038999999997,0.009834776396536706,0.004445259381520488,-0.07135794732727077,-0.051186878712735855,-0.07135794732727077,-0.051186878712735855,10.000023999999996,3.488675,0.5800489999999999,0.14888494915691475,0.07524881518630323,0.9874006490282065,0.990504936653546,0.9693719496500037,0.8915609626949851,0.4788756782098073,0.22193895693488208,0.493256643041809,0.23257732271384152
173.248152,0.0,0.000352,0.0,0.00176,170.899144,3.569232146742747,3.5687921467427466,0.5890242889591865,0.5889362889591865,3.528857248800043,3.5322529275275287,0.5682942488000433,0.5730979275275289,2.3490079999999978,0.01461561461561457,0.0028654870249833157,-0.06788284779875378,-0.04593454633785254,-0.06788284779875378,-0.04593454633785254,9.999989999999997,3.623043489966006,0.5997977710640787,0.14384900469546658,0.07335805853686526,0.985147475217372,0.9820381424796237,0.9740035576644854,0.9474764265826694,0.6726376706708272,0.6771613533281279,0.6781376369858733,0.682692545426716
173.248152,0.000352,0.000352,0.0066175999999999995,0.0066175999999999995,170.899144,3.5708865467427464,3.5704465467427466,0.5891122889591864,0.5890242889591865,3.5354748488000434,3.5388705275275285,0.5686462488000433,0.5734499275275289,2.3490079999999978,0.01461561461561457,0.0028654870249833157,-0.06788284779875378,-0.04593454633785254,-0.06788284779875378,-0.04593454633785254,9.999989999999997,3.623043489966006,0.5997977710640787,0.14567553535079197,0.07394492300516019,0.9856041078812032,0.9821848585966974,0.9758300883198109,0.9480632910509643,0.6519577973262689,0.6716301612295399,0.6574577636413095,0.6771613533281279
176.038304,0.0,0.000352,0.0,0.00176,170.899144,3.601911386505986,3.601031386505986,0.595196647224485,0.5950206472244849,3.518294483504539,3.526054078077714,0.550057883504539,0.5606334780777142,5.139160000000004,0.01461561461561457,0.0028654870249833157,-0.06788284779875378,-0.04593454633785254,-0.06788284779875378,-0.04593454633785254,9.999989999999997,3.706942009043282,0.6058899999999999,0.14285327332020226,0.07378236973708098,0.9716665050920494,0.9823509997268234,0.9491096636854509,0.9078510678580914,0.6408252444623355,0.48601730640464463,0.6461944044416226,0.49401657919803005
176.038304,0.000352,0.000352,0.0066175999999999995,0.0066175999999999995,170.899144,3.6035657865059862,3.6026857865059863,0.5952846472244849,0.5951086472244849,3.524912083504539,3.532671678077714,0.550409883504539,0.5609854780777143,5.139160000000004,0.01461561461561457,0.0028654870249833157,-0.06788284779875378,-0.04593454633785254,-0.06788284779875378,-0.04593454633785254,9.999989999999997,3.706942009043282,0.6058899999999999,0.14463846445182935,0.07436333327831784,0.9721128028749563,0.9824962406121326,0.950894854817078,0.9084320313993284,0.6307312237012754,0.4820176700079545,0.6361003836805624,0.49001694280133984
176.576509,0.0,0.000352,0.0,0.00176,170.899144,3.6099054341541335,3.6085854341541337,0.5965293118076958,0.5962653118076957,3.523018591041094,3.5301994553543152,0.5471083910410939,0.5585132553543152,5.6773649999999805,0.01461561461561457,0.0028654870249833157,-0.06788284779875378,-0.04593454633785254,-0.06788284779875378,-0.04593454633785254,9.999989999999997,3.729199,0.60845,0.14424716943236324,0.07462897526501765,0.9680109412649026,0.980408105526659,0.9447118780845682,0.8991838130349147,0.6408257904438561,0.4853305183740842,0.647916617492137,0.4960788287722619
176.576509,0.000352,0.000352,0.0066175999999999995,0.0066175999999999995,170.899144,3.6115598341541335,3.6102398341541337,0.5966173118076957,0.5963533118076958,3.529636191041094,3.536817055354315,0.547460391041094,0.5588652553543151,5.6773649999999805,0.01461561461561457,0.0028654870249833157,-0.06788284779875378,-0.04593454633785254,-0.06788284779875378,-0.04593454633785254,9.999989999999997,3.729199,0.60845,0.1460217060017445,0.07520749445311856,0.9684545754072479,0.9805527353236843,0.9464864146539496,0.8997623322230158,0.6319386205433423,0.4817477482413598,0.6390294475916232,0.492496058639533
177.307577,0.0,0.000352,0.0,0.00176,170.899144,3.6200135902634902,3.6182535902634902,0.5982764612089811,0.5979244612089812,3.5264334883009374,3.5334589243039716,0.5428496883009372,0.5555071243039719,6.408433000000002,0.01461561461561457,0.0028654870249833157,-0.06788284779875378,-0.04593454633785254,-0.06788284779875378,-0.04593454633785254,9.999989999999997,3.729199,0.60845,0.14649365721700547,0.07578601364121947,0.9707214847648222,0.9832795812457574,0.9456275967844402,0.8921845481156004,0.5865264065434889,0.4141983059611947,0.5959808426078649,0.4285293864920923
177.307577,0.000352,0.000352,0.0066175999999999995,0.0066175999999999995,170.899144,3.6216679902634903,3.61990799026349,0.5983644612089812,0.5980124612089812,3.533051088300937,3.540076524303972,0.5432016883009372,0.5558591243039719,6.408433000000002,0.01461561461561457,0.0028654870249833157,-0.06788284779875378,-0.04593454633785254,-0.06788284779875378,-0.04593454633785254,9.999989999999997,3.729199,0.60845,0.14826819378638673,0.07636453282932038,0.9711651189071676,0.9834242110427828,0.9474021333538214,0.8927630673037015,0.577639236642975,0.41061553582846577,0.5870936727073534,0.4249466163593679
178.302326,0.0,0.000352,0.0,0.00176,170.899144,3.6330121412809406,3.6308121412809404,0.6005902914734425,0.6001502914734425,3.5280584420517944,3.53550718533113,0.5368010420517947,0.5512897853311297,7.403181999999987,0.01461561461561457,0.0028654870249833157,-0.06788284779875378,-0.04593454633785254,-0.06788284779875378,-0.04593454633785254,9.999989999999997,3.7482309999999996,0.611009,0.14798490274478804,0.07662080263956829,0.9692604701473685,0.982948355054414,0.9412596080795966,0.8785485026436511,0.561528250770314,0.3841565033205837,0.5722501253438768,0.40038009389615226
178.302326,0.000352,0.000352,0.0066175999999999995,0.0066175999999999995,170.899144,3.6346665412809407,3.6324665412809405,0.6006782914734424,0.6002382914734424,3.5346760420517946,3.5421247853311297,0.5371530420517947,0.5516417853311297,7.403181999999987,0.01461561461561457,0.0028654870249833157,-0.06788284779875378,-0.04593454633785254,-0.06788284779875378,-0.04593454633785254,9.999989999999997,3.7482309999999996,0.611009,0.14975042893567647,0.07719689890001617,0.9697018516950906,0.9830923791195258,0.9430251342704852,0.8791245989040991,0.5534654010909952,0.3809117852054708,0.564187275664558,0.39713537578103936
180.460518,0.0,0.000352,0.0,0.00176,170.899144,3.658764018184818,3.656124018184818,0.6054044948535096,0.6048764948535096,3.5217856054957095,3.5322112183745644,0.5228546054957093,0.5417282183745644,9.561374,0.01461561461561457,0.0028654870249833157,-0.06788284779875378,-0.04593454633785254,-0.06788284779875378,-0.04593454633785254,9.999989999999997,3.755906,0.624113,0.14991301699243792,0.07614005797027137,0.9741362052684007,0.970023849612986,0.9376660665883836,0.8377563125519085,0.45635916911432317,0.46509646106874936,0.4687615124055479,0.47822262638882324
180.460518,0.000352,0.000352,0.0066175999999999995,0.0066175999999999995,170.899144,3.660418418184818,3.657778418184818,0.6054924948535095,0.6049644948535096,3.5284032054957093,3.5388288183745646,0.5232066054957093,0.5420802183745644,9.561374,0.01461561461561457,0.0028654870249833157,-0.06788284779875378,-0.04593454633785254,-0.06788284779875378,-0.04593454633785254,9.999989999999997,3.755906,0.624113,0.15167493542170637,0.07670405839968078,0.9745766848757178,0.9701648497203383,0.939427985017652,0.8383203129813179,0.4485870339851553,0.4629087668487375,0.4609893772763801,0.4760349321688114
186.399661,0.0,0.000352,0.0,0.00176,180.899141,3.8441603155012953,3.843720315501295,0.6529117008726966,0.6528237008726965,3.7242748330313553,3.7356837562784113,0.5996515172990403,0.6124684405460962,5.500520000000023,0.021286306385891962,0.0048802698908494745,-0.06070545503205931,-0.036764228936383335,-0.06070545503205931,-0.036764228936383335,9.99999699999998,3.847699,0.6582520000000001,0.1485139040241972,0.07326069651136642,0.9990803115059924,0.9918871509280587,0.967922603361478,0.9109756100992329,0.03855070101973622,0.20892113626812178,0.043344094851512256,0.21236383855002494
186.399661,0.000352,0.000352,0.0066175999999999995,0.0066175999999999995,180.899141,3.845814715501295,3.845374715501295,0.6529997008726964,0.6529117008726966,3.7308924330313555,3.742301356278411,0.6000035172990403,0.6128204405460962,5.500520000000023,0.021286306385891962,0.0048802698908494745,-0.06070545503205931,-0.036764228936383335,-0.06070545503205931,-0.036764228936383335,9.99999699999998,3.847699,0.6582520000000001,0.15023378907757584,0.07379544612093844,0.999510282769337,0.9920208383304515,0.9696424884148567,0.911510359708805,0.02052754021227147,0.20547843398622734,0.025320934044042672,0.20892113626812178
188.950145,0.0,0.000352,0.0,0.00176,180.899141,3.8869725033935314,3.8860925033935314,0.6624229885769165,0.6622469885769164,3.717169599209307,3.7329246956979545,0.5848726834769915,0.6034437799656398,8.051004000000006,0.021286306385891962,0.0048802698908494745,-0.06070545503205931,-0.036764228936383335,-0.06070545503205931,-0.036764228936383335,9.99999699999998,3.9727580000000002,0.660171,0.1459475759661171,0.07411413103574677,0.9784065637508077,1.0034112200883052,0.9356647445450507,0.8859411932317408,0.3955946756611363,0.08194915221692174,0.39965274291437813,0.07554456786954829
188.950145,0.000352,0.000352,0.0066175999999999995,0.0066175999999999995,180.899141,3.8886269033935315,3.8877469033935315,0.6625109885769165,0.6623349885769164,3.7237871992093066,3.7395422956979547,0.5852246834769915,0.6037957799656398,8.051004000000006,0.021286306385891962,0.0048802698908494745,-0.06070545503205931,-0.036764228936383335,-0.06070545503205931,-0.036764228936383335,9.99999699999998,3.9727580000000002,0.660171,0.1476133205193972,0.07464732622305428,0.9788229998891277,1.0035445188851322,0.9373304890983307,0.8864743884190484,0.3879655092250414,0.08515144439060644,0.3920235764782832,0.07874686004323299
193.770477,0.0,0.000352,0.0,0.00176,190.899148,4.0525461246534125,4.052106124653413,0.6785953143581813,0.6785073143581813,3.983819831767558,3.989426485199705,0.6531788317675575,0.6601934851997054,2.871329000000003,0.02437158293989192,0.00376982893435125,-0.0611639436858692,-0.03550802411411218,-0.0611639436858692,-0.03550802411411218,10.00000700000001,4.092417406799407,0.703055,0.14372727450106612,0.07059476143402717,0.9902572787224124,0.9652094279369059,0.9734637100185778,0.9290579425045801,0.42966870366960036,0.748781168242781,0.4344103176694233,0.7514751007720155
193.770477,0.000352,0.000352,0.0066175999999999995,0.0066175999999999995,190.899148,4.054200524653413,4.053760524653413,0.6786833143581813,0.6785953143581813,3.9904374317675573,3.996044085199705,0.6535308317675576,0.6605454851997055,2.871329000000003,0.02437158293989192,0.00376982893435125,-0.0611639436858692,-0.03550802411411218,-0.0611639436858692,-0.03550802411411218,10.00000700000001,4.092417406799407,0.703055,0.14534431385511762,0.07109543350093515,0.9906615385609254,0.9653345959536328,0.9750807493726291,0.9295586145714881,0.4118402350302337,0.7460872357135464,0.4165818490300662,0.748781168242781
195.028018,0.0,0.000352,0.0,0.00176,190.899148,4.077626723239773,4.076746723239774,0.6823268501941312,0.6821508501941311,3.9845058204610178,3.9915788087101505,0.6461912204610182,0.6560802087101505,4.128870000000006,0.02437158293989192,0.00376982893435125,-0.0611639436858692,-0.03550802411411218,-0.0611639436858692,-0.03550802411411218,10.00000700000001,4.109265,0.704974,0.1451767165174306,0.071401214796574,0.9923007455687997,0.9678751985096347,0.9696395390565024,0.9166170957524933,0.2885571970871504,0.6548257859149577,0.29658324526167634,0.6599146972927245
195.028018,0.000352,0.000352,0.0066175999999999995,0.0066175999999999995,190.899148,4.079281123239774,4.078401123239773,0.6824148501941312,0.6822388501941311,3.991123420461018,3.9981964087101507,0.6465432204610182,0.6564322087101505,4.128870000000006,0.02437158293989192,0.00376982893435125,-0.0611639436858692,-0.03550802411411218,-0.0611639436858692,-0.03550802411411218,10.00000700000001,4.109265,0.704974,0.14678712616489797,0.07190052399095564,0.9927033479806666,0.9680000258082301,0.9712499487039697,0.917116404946875,0.27346822651902924,0.6522813302260758,0.2814942746935633,0.6573702416038426
