time,mote_id,message,message_type,source,destination
7.658746,8,H1,data,2,
8.267114,8,H2,data,10,
8.800457,8,H1,data,4,
9.498088,8,H2,data,2,
10.854507,8,H3,data,10,
11.262362,8,H2,data,4,
11.277461,8,H4,data,14,
11.594641,8,H3,data,2,
11.628009,8,H3,data,6,
12.950764,8,H4,data,10,
12.983862,8,H4,data,6,
13.349349,8,H3,data,4,
13.356964,8,H5,data,14,
13.566308,8,H4,data,2,
14.714966,8,H4,data,4,
14.806784,8,H5,data,10,
15.205571,8,H5,data,12,
15.219884,8,H6,data,14,
15.547056,8,H5,data,2,
15.695828,8,H5,data,6,
15.936244,8,H6,data,12,
16.301617,8,H5,data,4,
16.662701,8,H6,data,10,
16.782918,8,H7,data,14,
16.898114,8,H6,data,6,
17.643527,8,H6,data,2,
18.129364,8,H7,data,12,
18.369646,8,H6,data,4,
19.360337,8,H8,data,14,
19.367661,8,H7,data,6,
19.624729,8,H7,data,10,
19.631838,8,H7,data,2,
19.850842,8,H8,data,12,
20.466179,8,H7,data,4,
20.740113,8,H8,data,10,
21.445192,8,H9,data,14,
21.480541,8,H8,data,2,
22.461536,8,H9,data,10,
22.552314,8,H9,data,12,
22.566057,8,H8,data,4,
22.784339,8,H10,data,14,
23.524636,8,H8,data,6,
23.539252,8,H9,data,6,
23.576886,8,H9,data,2,
23.765305,8,H10,data,12,
24.255413,8,H9,data,4,
24.442645,8,H10,data,10,
25.246475,8,H11,data,14,
25.253716,8,H10,data,6,
25.558107,8,H10,data,2,
26.487011,8,H11,data,12,
26.50188,8,H10,data,4,
26.9237,8,H11,data,10,
27.10239,8,H12,data,14,
27.111281,8,H11,data,6,
27.538989,8,H11,data,2,
27.84276,8,H12,data,12,
28.333048,8,H11,data,4,
28.823753,8,H13,data,14,
29.064068,8,H12,data,6,
29.154524,8,H12,data,10,
29.519821,8,H12,data,2,
29.804762,8,H13,data,12,
30.285491,8,H12,data,4,
30.893069,8,H13,data,10,
31.488544,8,H14,data,14,
31.51046,8,H13,data,6,
31.748824,8,H13,data,2,
32.344076,8,H13,data,4,
32.709689,8,H14,data,12,
32.950156,8,H14,data,6,
33.097718,8,H14,data,10,
33.448506,8,H15,data,14,
33.587926,8,H14,data,2,
33.806393,8,H15,data,12,
34.296628,8,H14,data,4,
34.453516,8,H15,data,10,
34.912149,8,H15,data,6,
35.027735,8,H16,data,14,
35.559286,8,H15,data,2,
35.76828,8,H16,data,12,
36.258434,8,H15,data,4,
36.549956,8,H16,data,10,
36.999252,8,H17,data,14,
37.006419,8,H16,data,6,
37.540258,8,H16,data,2,
38.53097,8,H17,data,10,
38.538139,8,H1,data,15,
38.738408,8,H1,data,11,
38.745384,8,H17,data,12,
38.752629,8,H1,data,13,
38.759941,8,H16,data,4,
39.095927,8,H17,data,6,
39.103475,8,H18,data,14,
39.521164,8,H17,data,2,
39.586164,8,H1,data,9,
40.074975,8,H2,data,13,
40.432767,8,H17,data,4,
40.440136,8,H1,data,7,
40.455457,8,H18,data,12,
40.461898,8,H1,data,3,
40.769088,8,H1,data,5,
40.776754,8,H18,data,10,
40.783979,8,H2,data,15,
40.913715,8,H1,data,1,
41.884632,8,H18,data,2,
41.891736,8,H2,data,5,
41.904294,8,H2,data,11,
41.919023,8,H18,data,6,
41.948877,8,H19,data,14,
42.144619,8,H3,data,13,
42.510194,8,H18,data,4,
42.517851,8,H19,data,12,
42.52494,8,H2,data,3,
42.532282,8,H3,data,11,
42.625292,8,H19,data,10,
43.108199,8,H3,data,15,
43.250764,8,H20,data,14,
43.257878,8,H2,data,1,
43.265305,8,H19,data,6,
43.598744,8,H19,data,2,
43.615961,8,H3,data,9,
43.839235,8,H3,data,5,
44.23158,8,H3,data,7,
44.239155,8,H4,data,13,
44.246607,8,H20,data,12,
44.471928,8,H3,data,3,
44.712491,8,H19,data,4,
44.828138,8,H21,data,14,
44.943307,8,H3,data,1,
45.184049,8,H4,data,11,
45.191579,8,H20,data,6,
45.67446,8,H4,data,9,
45.681849,8,H4,data,7,
45.705115,8,H20,data,10,
45.712365,8,H4,data,15,
45.719513,8,H20,data,2,
45.820027,8,H4,data,5,
45.914993,8,H5,data,13,
46.030571,8,H21,data,12,
46.270884,8,H20,data,4,
46.38631,8,H4,data,3,
46.560803,8,H21,data,10,
46.926142,8,H5,data,15,
47.002147,8,H5,data,11,
47.009625,8,H22,data,14,
47.016612,8,H4,data,1,
47.024036,8,H21,data,6,
47.541718,8,H21,data,2,
47.781994,8,H5,data,5,
48.117462,8,H5,data,9,
48.124856,8,H5,data,7,
48.522937,8,H22,data,10,
48.530189,8,H6,data,15,
49.233299,8,H22,data,12,
49.240659,8,H6,data,13,
49.248062,8,H21,data,4,
49.255398,8,H5,data,3,
49.262955,8,H6,data,11,
49.270869,8,H23,data,14,
49.277699,8,H5,data,1,
49.285282,8,H22,data,6,
49.513199,8,H22,data,2,
49.598272,8,H6,data,9,
49.878676,8,H6,data,5,
50.088958,8,H6,data,7,
50.09647,8,H7,data,13,
50.103847,8,H23,data,12,
50.329273,8,H22,data,4,
50.444729,8,H6,data,3,
50.752087,8,H23,data,10,
50.759335,8,H7,data,15,
50.933352,8,H6,data,1,
51.416575,8,H24,data,14,
51.487373,8,H23,data,2,
51.796337,8,H7,data,11,
51.803655,8,H23,data,6,
51.993593,8,H7,data,5,
52.147212,8,H7,data,9,
52.161951,8,H7,data,7,
52.169406,8,H8,data,13,
52.262641,8,H23,data,4,
52.37804,8,H7,data,3,
52.718826,8,H24,data,10,
52.725963,8,H8,data,15,
53.11894,8,H8,data,11,
53.126424,8,H24,data,12,
53.133419,8,H7,data,1,
53.140966,8,H25,data,14,
53.35915,8,H24,data,6,
53.574541,8,H24,data,2,
53.81478,8,H8,data,5,
53.849663,8,H8,data,9,
54.09002,8,H8,data,7,
54.430592,8,H25,data,10,
54.455836,8,H9,data,13,
54.463343,8,H25,data,12,
54.470548,8,H24,data,4,
54.477643,8,H8,data,3,
54.821171,8,H26,data,14,
54.936404,8,H8,data,1,
55.045941,8,H9,data,15,
55.30223,8,H9,data,11,
55.30958,8,H25,data,6,
55.536382,8,H25,data,2,
55.667572,8,H9,data,9,
55.674876,8,H9,data,7,
55.776783,8,H9,data,5,
55.908224,8,H26,data,12,
56.382915,8,H26,data,10,
56.398661,8,H25,data,4,
56.4063,8,H10,data,13,
56.413285,8,H9,data,3,
56.514104,8,H10,data,11,
56.748527,8,H10,data,15,
57.012551,8,H27,data,14,
57.019211,8,H9,data,1,
57.026614,8,H26,data,6,
58.120027,8,H10,data,9,
58.127519,8,H10,data,7,
58.135053,8,H11,data,13,
58.142347,8,H27,data,12,
58.485523,8,H10,data,3,
58.726156,8,H11,data,11,
58.7395,8,H26,data,2,
58.746464,8,H10,data,5,
58.754049,8,H27,data,10,
58.761459,8,H11,data,15,
58.966677,8,H10,data,1,
58.974147,8,H26,data,4,
58.981634,8,H28,data,14,
59.332075,8,H27,data,6,
59.572505,8,H11,data,9,
59.687932,8,H11,data,7,
59.729384,8,H27,data,2,
59.928608,8,H28,data,12,
60.094767,8,H11,data,5,
60.592864,8,H28,data,10,
60.676456,8,H11,data,3,
61.166879,8,H11,data,1,
61.525183,8,H12,data,13,
61.5325,8,H27,data,4,
61.554575,8,H29,data,14,
61.76566,8,H12,data,11,
61.780239,8,H28,data,6,
61.825855,8,H28,data,2,
61.833537,8,H12,data,15,
61.8555,8,H12,data,5,
62.506051,8,H12,data,9,
62.521067,8,H13,data,13,
62.528353,8,H28,data,4,
62.535716,8,H12,data,3,
62.691587,8,H29,data,10,
62.698995,8,H13,data,15,
62.871446,8,H12,data,1,
63.362069,8,H30,data,14,
63.377005,8,H12,data,7,
63.391373,8,H29,data,12,
63.406378,8,H13,data,11,
63.413039,8,H29,data,6,
63.556899,8,H29,data,2,
63.56422,8,H13,data,5,
63.727314,8,H13,data,7,
64.467867,8,H13,data,9,
64.475535,8,H14,data,13,
64.482862,8,H30,data,12,
64.490142,8,H29,data,4,
64.497509,8,H13,data,3,
64.833351,8,H31,data,14,
65.073856,8,H13,data,1,
65.081485,8,H14,data,11,
65.088672,8,H30,data,6,
65.422471,8,H30,data,10,
65.429793,8,H14,data,15,
65.537646,8,H30,data,2,
65.564332,8,H14,data,9,
65.679707,8,H14,data,7,
65.785501,8,H14,data,5,
65.920434,8,H31,data,12,
66.160777,8,H15,data,13,
66.276164,8,H30,data,4,
66.393966,8,H31,data,10,
66.632007,8,H14,data,3,
66.872483,8,H14,data,1,
67.238492,8,H32,data,14,
67.246059,8,H15,data,11,
67.253175,8,H31,data,6,
67.509184,8,H31,data,2,
67.978857,8,H15,data,9,
67.986467,8,H15,data,7,
67.993878,8,H32,data,12,
68.124988,8,H15,data,15,
68.132068,8,H15,data,5,
68.219314,8,H16,data,13,
68.459522,8,H15,data,3,
68.575214,8,H16,data,11,
68.869297,8,H32,data,10,
68.876614,8,H16,data,15,
69.065809,8,H31,data,4,
69.080885,8,H15,data,1,
69.087599,8,H32,data,6,
69.181294,8,H33,data,14,
69.546618,8,H16,data,9,
69.984751,8,H32,data,2,
69.993785,8,H16,data,5,
70.412265,8,H16,data,7,
70.419895,8,H33,data,12,
70.427298,8,H32,data,4,
70.442528,8,H17,data,13,
70.44934,8,H16,data,3,
70.857773,8,H33,data,10,
70.868813,8,H17,data,15,
71.150594,8,H16,data,1,
71.15812,8,H17,data,11,
71.179849,8,H33,data,6,
71.187457,8,H34,data,14,
71.706412,8,H33,data,2,
71.713923,8,H17,data,5,
71.99918,8,H17,data,9,
72.013933,8,H17,data,7,
72.615023,8,H18,data,13,
72.622586,8,H34,data,12,
72.629764,8,H33,data,4,
72.704295,8,H34,data,10,
72.812396,8,H18,data,15,
73.55263,8,H34,data,2,
73.793199,8,H18,data,5,
74.533919,8,H35,data,10,
74.541316,8,H19,data,15,
74.980616,8,H17,data,3,
74.988233,8,H18,data,11,
74.995418,8,H17,data,1,
75.00279,8,H34,data,6,
75.010331,8,H35,data,14,
75.017562,8,H18,data,9,
75.024923,8,H18,data,7,
75.032333,8,H19,data,13,
75.524193,8,H35,data,2,
75.595966,8,H19,data,9,
75.764691,8,H19,data,5,
76.086379,8,H19,data,7,
76.451874,8,H35,data,4,
76.459543,8,H36,data,12,
76.466712,8,H19,data,3,
76.567425,8,H20,data,11,
76.630374,8,H36,data,10,
76.637783,8,H20,data,15,
77.058178,8,H20,data,13,
77.065671,8,H37,data,14,
77.072885,8,H19,data,1,
77.080173,8,H36,data,6,
77.49567,8,H36,data,2,
77.548491,8,H20,data,9,
77.663876,8,H20,data,7,
77.904465,8,H21,data,13,
78.019975,8,H37,data,12,
78.111159,8,H20,data,5,
78.26041,8,H36,data,4,
78.625798,8,H20,data,3,
78.633376,8,H21,data,11,
78.97678,8,H37,data,10,
78.984174,8,H21,data,15,
79.116548,8,H38,data,14,
79.123789,8,H20,data,1,
79.131084,8,H37,data,6,
79.592015,8,H37,data,2,
79.606759,8,H21,data,9,
79.833141,8,H21,data,5,
80.097426,8,H21,data,7,
80.104951,8,H22,data,13,
80.11225,8,H38,data,12,
80.323272,8,H38,data,10,
80.57113,8,H22,data,15,
80.595167,8,H21,data,3,
80.953252,8,H21,data,1,
81.326373,8,H22,data,11,
81.333642,8,H38,data,6,
81.348456,8,H37,data,4,
81.363532,8,H39,data,14,
81.55398,8,H38,data,2,
81.824086,8,H22,data,9,
81.831501,8,H22,data,7,
81.924734,8,H23,data,13,
82.165132,8,H39,data,12,
82.280459,8,H38,data,4,
82.395888,8,H22,data,3,
82.636593,8,H23,data,11,
82.752038,8,H40,data,14,
82.802025,8,H22,data,5,
82.816992,8,H39,data,10,
82.824442,8,H23,data,15,
83.11752,8,H22,data,1,
83.124913,8,H39,data,6,
83.535075,8,H39,data,2,
84.900572,8,H23,data,5,
84.908229,8,H40,data,10,
84.915483,8,H24,data,15,
84.982976,8,H23,data,9,
84.990446,8,H23,data,7,
84.998028,8,H40,data,12,
85.005491,8,H24,data,13,
85.012764,8,H39,data,4,
85.02021,8,H23,data,3,
85.027899,8,H24,data,11,
85.03529,8,H41,data,14,
85.515919,8,H40,data,2,
85.598339,8,H24,data,9,
85.881431,8,H24,data,5,
86.214071,8,H24,data,7,
86.221645,8,H25,data,13,
86.228962,8,H41,data,12,
86.372276,8,H41,data,10,
86.454436,8,H24,data,3,
86.737856,8,H25,data,15,
86.944773,8,H24,data,1,
87.435424,8,H25,data,11,
87.442876,8,H41,data,6,
87.450276,8,H40,data,4,
87.457779,8,H42,data,14,
87.55075,8,H25,data,9,
87.666223,8,H25,data,7,
87.78172,8,H42,data,12,
87.978172,8,H41,data,2,
88.147297,8,H26,data,13,
88.262608,8,H41,data,4,
88.378112,8,H25,data,3,
88.618826,8,H26,data,11,
88.718722,8,H25,data,5,
88.726208,8,H42,data,10,
88.859246,8,H25,data,1,
88.95924,8,H26,data,15,
89.099719,8,H42,data,6,
89.340335,8,H43,data,14,
89.5746,8,H42,data,2,
89.830906,8,H26,data,9,
89.838235,8,H26,data,7,
89.940135,8,H26,data,5,
90.196447,8,H27,data,13,
90.203813,8,H43,data,12,
90.311633,8,H42,data,4,
90.563226,8,H43,data,10,
90.677336,8,H26,data,3,
90.917764,8,H26,data,1,
91.171243,8,H27,data,15,
91.290852,8,H44,data,14,
91.529359,8,H43,data,2,
91.906186,8,H27,data,9,
91.920893,8,H27,data,11,
91.94289,8,H43,data,6,
91.950273,8,H27,data,7,
92.020749,8,H27,data,5,
92.510697,8,H44,data,10,
92.76432,8,H43,data,4,
92.771947,8,H44,data,12,
92.779217,8,H27,data,3,
92.786791,8,H28,data,11,
92.794175,8,H45,data,14,
92.879715,8,H27,data,1,
92.887205,8,H44,data,6,
93.126187,8,H28,data,15,
94.116535,8,H44,data,2,
94.126402,8,H28,data,5,
94.982187,8,H45,data,10,
94.989697,8,H29,data,15,
95.245334,8,H28,data,9,
95.252731,8,H28,data,7,
95.260265,8,H29,data,13,
95.26763,8,H45,data,12,
95.274841,8,H44,data,4,
95.282159,8,H28,data,3,
95.289746,8,H29,data,11,
95.297032,8,H46,data,14,
95.597564,8,H45,data,2,
95.610698,8,H29,data,9,
95.713009,8,H29,data,5,
96.726139,8,H29,data,7,
96.734671,8,H30,data,13,
96.742102,8,H46,data,12,
96.749243,8,H45,data,4,
96.756607,8,H29,data,3,
96.76409,8,H30,data,11,
96.828677,8,H46,data,10,
96.836042,8,H30,data,15,
96.966622,8,H29,data,1,
96.974194,8,H47,data,14,
97.33208,8,H46,data,6,
97.568958,8,H46,data,2,
97.809388,8,H30,data,5,
97.822729,8,H30,data,9,
97.830058,8,H30,data,7,
97.938064,8,H31,data,13,
98.053563,8,H47,data,12,
98.293936,8,H46,data,4,
98.409537,8,H30,data,3,
98.52516,8,H31,data,11,
98.765633,8,H48,data,14,
98.88101,8,H30,data,1,
98.888494,8,H47,data,6,
99.300266,8,H47,data,10,
99.307688,8,H31,data,15,
99.540358,8,H47,data,2,
99.746613,8,H31,data,9,
99.754073,8,H31,data,7,
99.780916,8,H31,data,5,
100.237459,8,H32,data,13,
100.24477,8,H48,data,12,
100.778969,8,H48,data,10,
100.786392,8,H32,data,15,
100.96816,8,H31,data,3,
100.975573,8,H31,data,1,
100.990699,8,H32,data,11,
101.005374,8,H48,data,6,
101.333495,8,H47,data,4,
101.348533,8,H49,data,14,
101.511857,8,H48,data,2,
101.949136,8,H32,data,9,
101.963982,8,H32,data,7,
101.97142,8,H49,data,12,
102.259798,8,H32,data,5,
102.314479,8,H48,data,4,
102.429832,8,H32,data,3,
102.545446,8,H33,data,11,
102.660872,8,H33,data,13,
102.776404,8,H50,data,14,
102.891901,8,H32,data,1,
102.899209,8,H49,data,6,
103.118031,8,H49,data,10,
103.12544,8,H33,data,15,
103.507281,8,H33,data,9,
103.735811,8,H49,data,2,
103.747751,8,H33,data,7,
104.476469,8,H33,data,5,
104.73862,8,H34,data,13,
104.746094,8,H50,data,12,
104.753364,8,H49,data,4,
104.760621,8,H33,data,3,
105.092101,8,H50,data,10,
105.099475,8,H34,data,15,
105.356314,8,H33,data,1,
105.582412,8,H50,data,2,
105.597186,8,H34,data,11,
105.604353,8,H50,data,6,
105.822907,8,H34,data,5,
106.212627,8,H51,data,14,
106.219803,8,H34,data,9,
106.227163,8,H34,data,7,
106.236417,8,H35,data,13,
106.243733,8,H51,data,12,
106.438469,8,H51,data,10,
106.452815,8,H34,data,3,
106.568253,8,H35,data,11,
107.053915,8,H35,data,15,
107.308851,8,H50,data,4,
107.31648,8,H52,data,14,
107.32375,8,H34,data,1,
107.331084,8,H51,data,6,
107.544209,8,H51,data,2,
107.784659,8,H35,data,5,
107.799348,8,H35,data,9,
107.806654,8,H35,data,7,
107.922608,8,H36,data,13,
108.030156,8,H52,data,12,
108.270492,8,H51,data,4,
108.386095,8,H35,data,3,
108.775389,8,H52,data,10,
108.884694,8,H53,data,14,
108.891173,8,H35,data,1,
109.242291,8,H36,data,11,
109.249506,8,H52,data,6,
109.273405,8,H36,data,15,
109.505962,8,H52,data,2,
109.872034,8,H36,data,5,
110.10767,8,H36,data,9,
110.115113,8,H36,data,7,
110.122693,8,H37,data,13,
110.130057,8,H53,data,12,
110.347991,8,H52,data,4,
110.745548,8,H53,data,10,
110.753009,8,H37,data,15,
110.846086,8,H36,data,3,
110.853593,8,H37,data,11,
110.954042,8,H36,data,1,
111.319557,8,H53,data,6,
111.596434,8,H53,data,2,
111.603938,8,H37,data,5,
112.200061,8,H54,data,14,
112.222146,8,H37,data,9,
112.237035,8,H38,data,13,
112.550685,8,H37,data,3,
112.558245,8,H38,data,11,
112.916074,8,H53,data,4,
112.930785,8,H37,data,7,
112.938313,8,H54,data,12,
112.945683,8,H55,data,14,
112.952962,8,H37,data,1,
112.96029,8,H54,data,6,
113.327643,8,H54,data,10,
113.335087,8,H38,data,15,
113.531506,8,H38,data,9,
113.567921,8,H54,data,2,
113.647022,8,H38,data,7,
113.808514,8,H38,data,5,
113.887651,8,H39,data,13,
114.128114,8,H55,data,12,
114.789547,8,H55,data,10,
114.797005,8,H39,data,15,
115.1187,8,H54,data,4,
115.126048,8,H38,data,3,
115.133571,8,H39,data,11,
115.14094,8,H56,data,14,
115.148232,8,H38,data,1,
115.155467,8,H55,data,6,
115.73417,8,H39,data,9,
115.741491,8,H39,data,7,
115.779895,8,H55,data,2,
115.974659,8,H40,data,13,
116.215128,8,H56,data,12,
116.330434,8,H55,data,4,
116.445909,8,H39,data,3,
116.561512,8,H40,data,11,
116.645506,8,H39,data,5,
116.653068,8,H56,data,10,
116.802052,8,H57,data,14,
117.011102,8,H40,data,15,
117.04255,8,H39,data,1,
117.049897,8,H56,data,6,
117.501401,8,H56,data,2,
117.532891,8,H40,data,9,
117.648266,8,H40,data,7,
117.866914,8,H40,data,5,
118.013957,8,H57,data,12,
118.129397,8,H41,data,13,
118.482437,8,H57,data,10,
118.619993,8,H56,data,4,
118.627326,8,H40,data,3,
118.860441,8,H58,data,14,
118.867745,8,H40,data,1,
119.097988,8,H41,data,15,
119.351078,8,H41,data,11,
119.359351,8,H57,data,6,
119.588354,8,H57,data,2,
119.82871,8,H41,data,5,
119.841406,8,H41,data,9,
119.848822,8,H41,data,7,
120.332024,8,H42,data,13,
120.339359,8,H57,data,4,
120.697436,8,H41,data,3,
120.712234,8,H58,data,12,
120.937782,8,H41,data,1,
121.059912,8,H58,data,10,
121.06737,8,H42,data,15,
121.178533,8,H42,data,11,
121.200453,8,H58,data,6,
121.55882,8,H59,data,14,
121.80024,8,H58,data,2,
121.916699,8,H42,data,9,
121.924026,8,H42,data,7,
122.024889,8,H59,data,12,
122.173156,8,H42,data,5,
122.515439,8,H58,data,4,
122.530214,8,H43,data,13,
122.537329,8,H42,data,3,
122.630751,8,H43,data,11,
122.781403,8,H59,data,10,
122.788709,8,H43,data,15,
122.996505,8,H60,data,14,
123.003805,8,H42,data,1,
123.011151,8,H59,data,6,
123.512011,8,H59,data,2,
123.877572,8,H43,data,5,
124.611821,8,H43,data,9,
124.619252,8,H43,data,7,
124.634495,8,H44,data,13,
124.641168,8,H60,data,12,
124.648412,8,H59,data,4,
124.655828,8,H43,data,3,
124.663282,8,H44,data,11,
124.854511,8,H43,data,1,
124.868691,8,H60,data,10,
124.875955,8,H44,data,15,
125.345512,8,H61,data,14,
125.483809,8,H60,data,2,
125.72417,8,H44,data,5,
126.210887,8,H44,data,9,
126.218306,8,H44,data,7,
126.225779,8,H45,data,13,
126.233308,8,H61,data,12,
126.339959,8,H61,data,10,
126.576251,8,H60,data,4,
126.705418,8,H45,data,15,
126.816941,8,H62,data,14,
126.932182,8,H44,data,1,
127.547588,8,H45,data,9,
127.570675,8,H61,data,2,
127.663199,8,H45,data,7,
127.811178,8,H45,data,5,
127.903797,8,H46,data,13,
128.144266,8,H62,data,12,
128.259549,8,H61,data,4,
128.551808,8,H62,data,10,
128.79226,8,H46,data,15,
129.000213,8,H60,data,6,
129.007684,8,H44,data,3,
129.015201,8,H45,data,11,
129.022433,8,H61,data,6,
129.029782,8,H45,data,3,
129.037387,8,H46,data,11,
129.044689,8,H45,data,1,
129.05206,8,H62,data,6,
129.740954,8,H46,data,7,
129.782788,8,H62,data,2,
129.790019,8,H46,data,5,
130.530744,8,H63,data,10,
130.538099,8,H47,data,15,
130.856675,8,H62,data,4,
130.864323,8,H63,data,12,
130.871602,8,H46,data,3,
130.894076,8,H46,data,1,
131.347298,8,H47,data,11,
131.361905,8,H63,data,6,
131.51363,8,H63,data,2,
131.85218,8,H47,data,7,
132.011671,8,H47,data,5,
132.328235,8,H64,data,12,
132.443439,8,H47,data,3,
132.494796,8,H64,data,10,
132.559157,8,H48,data,11,
132.924721,8,H63,data,14,
132.932053,8,H46,data,9,
132.939586,8,H47,data,13,
132.954212,8,H64,data,14,
132.968782,8,H47,data,9,
133.290016,8,H65,data,14,
133.780494,8,H48,data,9,
133.787912,8,H48,data,7,
133.896062,8,H49,data,13,
134.011593,8,H65,data,12,
134.251889,8,H64,data,4,
134.985357,8,H48,data,15,
134.993636,8,H64,data,2,
135.000948,8,H48,data,5,
135.008505,8,H65,data,10,
135.015771,8,H49,data,15,
135.242556,8,H48,data,3,
135.257633,8,H48,data,1,
135.264532,8,H66,data,14,
135.27192,8,H49,data,11,
135.279119,8,H65,data,6,
135.60307,8,H65,data,2,
135.843654,8,H49,data,5,
135.858034,8,H49,data,9,
136.473433,8,H49,data,7,
136.481146,8,H50,data,13,
136.488662,8,H66,data,12,
136.495937,8,H65,data,4,
136.503321,8,H49,data,3,
136.834404,8,H66,data,10,
136.841742,8,H50,data,15,
136.963971,8,H49,data,1,
137.574744,8,H66,data,2,
137.582248,8,H50,data,5,
137.704693,8,H50,data,11,
137.711767,8,H66,data,6,
137.945097,8,H67,data,14,
137.952369,8,H50,data,9,
137.959716,8,H50,data,7,
137.967145,8,H51,data,13,
138.435488,8,H67,data,12,
138.442873,8,H66,data,4,
138.450198,8,H50,data,3,
138.690343,8,H67,data,10,
138.801058,8,H68,data,14,
138.916279,8,H50,data,1,
138.930819,8,H51,data,15,
139.282038,8,H51,data,11,
139.289195,8,H67,data,6,
139.522159,8,H51,data,9,
139.546131,8,H67,data,2,
139.786582,8,H51,data,5,
140.137922,8,H52,data,13,
140.253287,8,H67,data,4,
140.876306,8,H51,data,3,
140.883606,8,H51,data,7,
140.891117,8,H68,data,12,
140.905701,8,H51,data,1,
141.767807,8,H68,data,2,
141.775387,8,H68,data,10,
141.782748,8,H52,data,15,
141.804502,8,H52,data,5,
141.984783,8,H69,data,14,
142.02165,8,H52,data,11,
142.873804,8,H69,data,10,
142.88123,8,H53,data,15,
142.975103,8,H52,data,3,
142.982734,8,H53,data,11,
142.990006,8,H52,data,1,
142.997395,8,H69,data,6,
143.34048,8,H52,data,7,
143.348209,8,H69,data,12,
143.355512,8,H68,data,4,
143.363129,8,H53,data,13,
143.370435,8,H70,data,14,
143.580903,8,H53,data,9,
143.696373,8,H53,data,7,
143.937,8,H54,data,13,
143.989168,8,H69,data,2,
143.996596,8,H53,data,5,
144.427994,8,H69,data,4,
144.435123,8,H70,data,12,
144.442296,8,H53,data,3,
144.60474,8,H70,data,10,
144.793173,8,H71,data,14,
144.90841,8,H53,data,1,
144.970187,8,H54,data,15,
145.399149,8,H54,data,11,
145.406259,8,H70,data,6,
145.585677,8,H70,data,2,
145.592935,8,H54,data,5,
146.139404,8,H54,data,7,
146.14685,8,H54,data,9,
146.154431,8,H55,data,13,
146.161758,8,H71,data,12,
146.254719,8,H70,data,4,
146.451124,8,H71,data,10,
146.995457,8,H54,data,3,
147.003005,8,H55,data,11,
147.010367,8,H72,data,14,
147.017597,8,H54,data,1,
147.024914,8,H71,data,6,
147.066675,8,H55,data,15,
147.556881,8,H71,data,2,
147.797281,8,H55,data,5,
148.110873,8,H55,data,9,
148.1182,8,H55,data,7,
148.125751,8,H56,data,13,
148.133028,8,H72,data,12,
148.353561,8,H71,data,4,
148.788101,8,H72,data,10,
148.795483,8,H56,data,15,
148.969347,8,H55,data,3,
148.976875,8,H56,data,11,
148.985825,8,H55,data,1,
148.993041,8,H72,data,6,
149.334706,8,H73,data,14,
149.528277,8,H72,data,2,
149.5752,8,H56,data,9,
149.815638,8,H56,data,7,
149.893894,8,H56,data,5,
150.056458,8,H57,data,13,
150.38452,8,H73,data,10,
150.54684,8,H72,data,4,
150.554414,8,H73,data,12,
150.561611,8,H56,data,3,
150.902876,8,H56,data,1,
151.268452,8,H74,data,14,
151.747981,8,H57,data,15,
151.75517,8,H73,data,2,
151.883943,8,H57,data,11,
151.898484,8,H73,data,6,
151.913169,8,H57,data,9,
151.927929,8,H57,data,7,
151.935452,8,H58,data,13,
153.124237,8,H73,data,4,
153.131701,8,H57,data,3,
153.139212,8,H58,data,11,
153.146649,8,H74,data,12,
153.154093,8,H75,data,14,
153.161386,8,H57,data,1,
153.168788,8,H74,data,6,
153.238286,8,H57,data,5,
153.253235,8,H74,data,10,
153.260536,8,H58,data,15,
153.596172,8,H74,data,2,
153.614853,8,H58,data,9,
153.836707,8,H58,data,5,
154.105534,8,H58,data,7,
154.113249,8,H59,data,13,
154.120516,8,H75,data,12,
154.3458,8,H74,data,4,
154.452318,8,H75,data,10,
154.836464,8,H58,data,3,
154.84395,8,H59,data,11,
154.851242,8,H76,data,14,
154.951703,8,H58,data,1,
155.067819,8,H59,data,15,
155.192341,8,H75,data,6,
155.557808,8,H59,data,9,
155.67336,8,H59,data,7,
155.808188,8,H75,data,2,
155.914077,8,H60,data,13,
156.154452,8,H76,data,12,
156.269775,8,H75,data,4,
156.635376,8,H59,data,3,
156.642937,8,H60,data,11,
156.673805,8,H59,data,5,
156.681389,8,H76,data,10,
156.688598,8,H60,data,15,
157.00103,8,H77,data,14,
157.008317,8,H59,data,1,
157.015594,8,H76,data,6,
157.539143,8,H76,data,2,
157.779529,8,H60,data,5,
158.270155,8,H77,data,10,
158.635725,8,H61,data,15,
158.991407,8,H60,data,9,
158.998824,8,H60,data,7,
159.006193,8,H60,data,3,
159.013772,8,H61,data,11,
159.021076,8,H60,data,1,
159.028476,8,H77,data,6,
159.356937,8,H61,data,13,
159.364475,8,H77,data,12,
159.371746,8,H76,data,4,
159.379346,8,H78,data,14,
159.501118,8,H77,data,2,
159.597314,8,H61,data,9,
159.96281,8,H61,data,7,
159.97041,8,H62,data,13,
160.116782,8,H61,data,5,
160.578487,8,H78,data,12,
160.585808,8,H77,data,4,
160.60046,8,H61,data,3,
160.943697,8,H61,data,1,
160.973038,8,H78,data,10,
160.980517,8,H62,data,15,
161.578679,8,H78,data,2,
161.809414,8,H62,data,11,
161.824127,8,H78,data,6,
161.861241,8,H79,data,14,
162.069246,8,H62,data,5,
162.299697,8,H78,data,4,
162.415027,8,H62,data,3,
162.434772,8,H79,data,10,
162.675249,8,H63,data,15,
162.905566,8,H62,data,1,
163.54079,8,H79,data,2,
163.548066,8,H63,data,5,
164.281166,8,H80,data,10,
164.771555,8,H64,data,15,
164.896036,8,H63,data,1,
165.511991,8,H80,data,2,
166.011762,8,H79,data,6,
166.01924,8,H63,data,3,
166.026728,8,H64,data,11,
166.033872,8,H80,data,6,
167.002119,8,H62,data,7,
167.009747,8,H79,data,12,
167.017085,8,H80,data,14,
167.024208,8,H63,data,9,
167.031571,8,H63,data,7,
167.039166,8,H64,data,13,
167.046512,8,H80,data,12,
167.252579,8,H80,data,4,
167.259967,8,H64,data,5,
167.267503,8,H81,data,10,
167.274867,8,H81,data,12,
167.282176,8,H82,data,14,
167.289478,8,H65,data,15,
168.992617,8,H65,data,3,
169.000173,8,H66,data,11,
169.00737,8,H65,data,1,
169.014654,8,H82,data,6,
169.242989,8,H81,data,2,
169.250413,8,H65,data,5,
169.257786,8,H65,data,9,
169.265129,8,H65,data,7,
169.272648,8,H82,data,12,
169.280008,8,H82,data,10,
169.287223,8,H81,data,4,
169.294755,8,H66,data,13,
169.733318,8,H82,data,2,
170.223929,8,H66,data,5,
170.231649,8,H66,data,15,
170.238936,8,H66,data,9,
170.2464,8,H66,data,7,
170.253985,8,H67,data,13,
170.261341,8,H83,data,12,
170.615495,8,H66,data,3,
170.973449,8,H66,data,1,
171.080002,8,H82,data,4,
171.09475,8,H83,data,10,
171.10212,8,H67,data,15,
171.464239,8,H67,data,11,
171.478742,8,H83,data,6,
171.560882,8,H83,data,2,
171.568185,8,H67,data,5,
172.299486,8,H84,data,14,
172.321279,8,H67,data,9,
172.343199,8,H67,data,7,
172.45454,8,H67,data,3,
172.569991,8,H68,data,11,
172.782528,8,H84,data,10,
172.789935,8,H68,data,15,
172.797214,8,H85,data,14,
172.935484,8,H67,data,1,
172.942884,8,H84,data,6,
173.522819,8,H84,data,2,
173.530134,8,H68,data,9,
173.638104,8,H68,data,5,
174.128999,8,H69,data,13,
174.136342,8,H68,data,7,
174.425941,8,H68,data,3,
174.494555,8,H84,data,4,
174.502036,8,H85,data,12,
174.666562,8,H69,data,11,
174.906848,8,H68,data,1,
174.914229,8,H85,data,6,
175.110126,8,H86,data,14,
175.119216,8,H85,data,10,
175.126524,8,H69,data,15,
175.850282,8,H85,data,2,
175.857693,8,H69,data,5,
176.465828,8,H69,data,9,
176.473431,8,H69,data,7,
176.481027,8,H86,data,12,
176.488377,8,H85,data,4,
176.495975,8,H70,data,13,
176.503353,8,H86,data,10,
176.831499,8,H87,data,14,
176.897401,8,H69,data,1,
176.904798,8,H69,data,3,
176.912396,8,H70,data,11,
176.919574,8,H86,data,6,
177.197023,8,H70,data,15,
177.562304,8,H86,data,2,
177.569636,8,H70,data,5,
177.927703,8,H70,data,9,
177.935242,8,H70,data,7,
177.942732,8,H71,data,13,
178.043323,8,H87,data,12,
178.283757,8,H87,data,10,
178.387822,8,H70,data,3,
178.524285,8,H71,data,15,
178.628513,8,H71,data,11,
178.86879,8,H70,data,1,
179.01468,8,H86,data,4,
179.02214,8,H88,data,14,
179.109501,8,H87,data,6,
179.630184,8,H87,data,2,
179.637586,8,H71,data,5,
180.732455,8,H71,data,3,
180.745757,8,H71,data,9,
180.753236,8,H71,data,7,
180.760821,8,H72,data,13,
180.768227,8,H88,data,12,
180.78274,8,H87,data,4,
180.965486,8,H71,data,1,
180.987895,8,H72,data,11,
180.995092,8,H88,data,6,
181.74623,8,H89,data,14,
182.133743,8,H88,data,2,
182.141346,8,H88,data,10,
182.148655,8,H72,data,15,
182.455893,8,H72,data,3,
182.571356,8,H73,data,11,
182.727315,8,H89,data,10,
182.734618,8,H73,data,15,
182.936892,8,H72,data,1,
182.94422,8,H89,data,6,
183.460301,8,H72,data,9,
183.47516,8,H72,data,7,
183.482675,8,H73,data,13,
183.48994,8,H88,data,4,
183.497583,8,H89,data,12,
183.504992,8,H90,data,14,
183.575653,8,H89,data,2,
184.191344,8,H73,data,9,
184.198886,8,H73,data,7,
184.206473,8,H74,data,13,
184.213905,8,H90,data,12,
184.221041,8,H73,data,5,
184.3067,8,H89,data,4,
184.427223,8,H73,data,3,
184.667843,8,H74,data,11,
184.908291,8,H73,data,1,
184.915715,8,H90,data,6,
185.172451,8,H90,data,10,
185.179863,8,H74,data,15,
185.187137,8,H91,data,14,
185.537723,8,H90,data,2,
185.545117,8,H74,data,9,
185.653128,8,H74,data,7,
185.89364,8,H74,data,5,
186.384381,8,H75,data,13,
186.391844,8,H91,data,12,
186.398967,8,H90,data,4,
186.648839,8,H74,data,3,
186.656353,8,H75,data,11,
186.889235,8,H74,data,1,
186.896737,8,H91,data,6,
187.000018,8,H91,data,10,
187.007275,8,H75,data,15,
188.379687,8,H75,data,3,
189.240555,8,H92,data,14,
189.247873,8,H91,data,2,
189.255319,8,H75,data,9,
189.26275,8,H75,data,7,
189.270178,8,H75,data,5,
189.277853,8,H76,data,13,
189.285302,8,H92,data,12,
189.292546,8,H91,data,4,
189.480643,8,H92,data,2,
189.721136,8,H76,data,5,
189.961677,8,H76,data,9,
189.969195,8,H76,data,7,
189.97667,8,H77,data,13,
189.995344,8,H75,data,1,
190.002911,8,H76,data,11,
190.010046,8,H92,data,6,
190.577437,8,H93,data,12,
190.584702,8,H92,data,4,
190.743048,8,H76,data,3,
190.860215,8,H76,data,1,
191.308422,8,H93,data,10,
191.323141,8,H77,data,15,
191.330526,8,H94,data,14,
191.548626,8,H93,data,2,
191.556017,8,H77,data,5,
191.974326,8,H77,data,11,
191.981602,8,H93,data,6,
192.039098,8,H77,data,9,
192.053694,8,H77,data,7,
192.457174,8,H77,data,3,
192.572688,8,H78,data,11,
192.904696,8,H94,data,12,
192.912104,8,H78,data,13,
192.919387,8,H93,data,4,
192.941798,8,H94,data,10,
192.949284,8,H78,data,15,
192.956683,8,H95,data,14,
193.188114,8,H77,data,1,
193.19547,8,H94,data,6,
193.519981,8,H94,data,2,
194.010633,8,H78,data,9,
194.018111,8,H78,data,7,
194.025383,8,H78,data,5,
194.428477,8,H78,data,3,
194.669085,8,H79,data,11,
194.876256,8,H79,data,13,
194.883626,8,H95,data,12,
194.890824,8,H94,data,4,
194.905419,8,H95,data,10,
194.912844,8,H79,data,15,
194.920167,8,H96,data,14,
195.034733,8,H78,data,1,
195.042043,8,H95,data,6,
196.400082,8,H79,data,3,
196.515607,8,H80,data,11,
197.116549,8,H95,data,2,
197.123975,8,H79,data,5,
197.131331,8,H79,data,9,
197.138688,8,H79,data,7,
197.14628,8,H80,data,13,
197.153574,8,H95,data,4,
197.161197,8,H96,data,12,
197.168598,8,H96,data,10,
197.381068,8,H79,data,1,
197.388461,8,H96,data,6,
197.732056,8,H96,data,2,
197.739509,8,H80,data,9,
197.746846,8,H80,data,5,
198.347484,8,H80,data,7,
198.355209,8,H81,data,13,
198.366268,8,H97,data,12,
198.373544,8,H97,data,10,
198.621632,8,H80,data,3,
198.629263,8,H81,data,11,
198.713094,8,H81,data,15,
199.078333,8,H96,data,4,
199.085966,8,H98,data,14,
199.112278,8,H80,data,1,
199.119589,8,H97,data,6,
199.568944,8,H97,data,2,
199.583433,8,H81,data,5,
199.934331,8,H81,data,9,
199.941863,8,H81,data,7,
199.949415,8,H82,data,13,
